时间,输出电流,工作转速,出口压力,设定转速,运行功率,安全转速
2020-12-10 00:00:24,425.6,271.1,53.2,271,253.0,203.5
2020-12-10 00:00:54,425.7,271.2,53.2,271,253.6,203.4
2020-12-10 00:01:24,426.7,271.0,53.1,271,253.5,203.3
2020-12-10 00:01:54,424.3,271.2,53.2,271,252.9,203.5
2020-12-10 00:02:24,425.4,271.2,53.1,271,252.9,203.3
2020-12-10 00:02:54,424.8,271.1,53.1,271,253.2,203.3
2020-12-10 00:03:24,425.4,271.2,53.2,271,253.4,203.6
2020-12-10 00:03:54,425.2,271.1,53.2,271,252.5,203.7
2020-12-10 00:04:24,424.3,271.2,53.3,271,252.6,203.9
2020-12-10 00:04:54,399.3,267.7,53.2,265,241.1,203.6
2020-12-10 00:05:24,368.8,258.9,53.0,256,214.5,203.5
2020-12-10 00:05:54,340.0,249.9,52.7,247,190.4,203.0
2020-12-10 00:06:24,310.8,240.7,56.0,238,168.6,208.4
2020-12-10 00:06:54,297.3,232.3,55.6,232,150.5,207.8
2020-12-10 00:07:24,283.8,228.3,55.4,228,141.0,207.5
2020-12-10 00:07:54,284.4,228.2,55.6,228,141.4,208.0
2020-12-10 00:08:24,284.7,228.3,55.4,228,141.4,207.8
2020-12-10 00:08:54,281.1,227.1,55.5,227,139.0,207.7
2020-12-10 00:09:24,281.3,227.1,55.5,227,139.0,207.9
2020-12-10 00:09:54,280.1,227.2,55.5,227,138.8,207.9
2020-12-10 00:10:24,281.0,227.1,55.5,227,138.9,207.7
2020-12-10 00:10:54,281.0,227.1,55.7,227,138.8,208.1
2020-12-10 00:11:24,276.6,226.0,55.6,226,135.8,207.9
2020-12-10 00:11:54,277.7,226.0,55.8,226,136.7,208.3
2020-12-10 00:12:24,277.0,226.0,55.6,226,136.4,207.9
2020-12-10 00:12:54,277.5,226.0,55.6,226,136.4,207.8
2020-12-10 00:13:24,277.5,225.9,55.9,226,136.7,208.2
2020-12-10 00:13:54,269.0,223.2,55.7,225,129.8,208.0
2020-12-10 00:14:24,274.2,225.2,56.0,225,134.7,208.4
2020-12-10 00:14:54,275.7,225.2,55.9,225,135.1,208.2
2020-12-10 00:15:24,274.9,225.1,55.7,225,134.6,208.1
2020-12-10 00:15:54,274.8,225.2,55.6,225,134.6,207.9
2020-12-10 00:16:24,274.7,225.1,55.8,225,134.2,208.1
2020-12-10 00:16:54,274.3,225.1,55.9,225,134.4,208.2
2020-12-10 00:17:24,274.7,225.1,55.9,225,134.6,208.3
2020-12-10 00:17:54,274.6,225.0,55.8,225,134.4,208.2
2020-12-10 00:18:24,274.6,225.0,56.0,225,134.4,208.3
2020-12-10 00:18:54,274.2,225.2,56.1,225,134.5,208.6
2020-12-10 00:19:24,274.7,225.1,56.2,225,134.4,208.8
2020-12-10 00:19:54,274.9,225.1,56.3,225,134.5,208.8
2020-12-10 00:20:24,274.2,225.1,56.1,225,134.4,208.5
2020-12-10 00:20:54,275.1,225.1,56.1,225,134.4,208.5
2020-12-10 00:21:24,275.1,225.1,56.1,225,134.7,208.7
2020-12-10 00:21:54,274.4,225.1,56.3,225,134.3,208.9
2020-12-10 00:22:24,275.0,225.2,56.2,225,134.7,208.7
2020-12-10 00:22:54,275.1,225.1,56.2,225,134.7,208.8
2020-12-10 00:23:24,274.6,225.1,56.3,225,134.4,209.0
2020-12-10 00:23:54,274.2,225.1,56.3,225,134.5,209.0
2020-12-10 00:24:24,274.6,225.1,56.5,225,134.4,209.0
2020-12-10 00:24:54,274.9,225.1,56.5,225,134.6,209.1
2020-12-10 00:25:24,273.9,225.2,56.7,225,134.4,209.3
2020-12-10 00:25:54,274.7,225.1,56.6,225,134.6,209.3
2020-12-10 00:26:24,273.5,225.2,56.4,225,134.3,209.2
2020-12-10 00:26:54,274.4,225.1,56.7,225,134.3,209.4
2020-12-10 00:27:24,274.6,225.2,56.7,225,134.4,209.6
2020-12-10 00:27:54,274.2,225.1,56.6,225,134.4,209.4
2020-12-10 00:28:24,273.8,225.0,56.7,225,134.2,209.4
2020-12-10 00:28:54,273.7,225.2,56.8,225,134.4,209.6
2020-12-10 00:29:24,274.0,225.1,56.9,225,134.1,209.7
2020-12-10 00:29:54,273.7,225.1,57.0,225,133.9,209.9
2020-12-10 00:30:24,274.2,225.2,56.6,225,134.3,209.3
2020-12-10 00:30:54,273.6,225.1,57.0,225,134.2,209.8
2020-12-10 00:31:24,273.3,225.1,57.0,225,134.0,209.8
2020-12-10 00:31:54,274.2,225.0,57.0,225,134.2,209.7
2020-12-10 00:32:24,274.7,225.0,57.0,225,134.0,209.8
2020-12-10 00:32:54,273.5,225.2,57.2,225,134.2,209.9
2020-12-10 00:33:24,273.6,225.1,57.1,225,134.0,210.0
2020-12-10 00:33:54,274.0,225.1,57.1,225,134.4,210.1
2020-12-10 00:34:24,273.5,225.1,57.2,225,134.0,210.2
2020-12-10 00:34:54,273.5,225.1,57.3,225,133.9,210.3
2020-12-10 00:35:24,273.5,225.1,57.3,225,134.1,210.3
2020-12-10 00:35:54,273.3,225.1,57.4,225,133.8,210.4
2020-12-10 00:36:24,273.5,225.1,57.4,225,134.0,210.4
2020-12-10 00:36:54,273.0,225.1,57.3,225,133.9,210.3
2020-12-10 00:37:24,273.6,225.2,57.4,225,133.9,210.5
2020-12-10 00:37:54,273.0,225.2,57.5,225,133.9,210.8
2020-12-10 00:38:24,273.6,225.0,57.5,225,133.9,210.6
2020-12-10 00:38:54,272.5,225.1,57.6,225,133.7,210.7
2020-12-10 00:39:24,272.7,225.1,57.5,225,134.1,210.7
2020-12-10 00:39:54,273.6,225.1,57.6,225,133.8,210.8
2020-12-10 00:40:24,273.5,225.1,57.6,225,134.0,210.7
2020-12-10 00:40:54,272.3,225.2,57.6,225,133.8,210.8
2020-12-10 00:41:24,274.2,225.1,57.7,225,134.0,210.6
2020-12-10 00:41:54,272.8,225.1,57.6,225,133.8,210.8
2020-12-10 00:42:24,272.7,225.2,57.5,225,133.9,210.6
2020-12-10 00:42:54,272.6,225.2,57.6,225,133.8,210.8
2020-12-10 00:43:24,273.0,225.1,57.8,225,133.5,211.0
2020-12-10 00:43:54,272.7,225.1,57.7,225,133.6,211.1
2020-12-10 00:44:24,273.0,225.0,57.7,225,133.6,210.8
2020-12-10 00:44:54,273.3,225.1,57.8,225,133.9,211.1
2020-12-10 00:45:24,272.4,225.1,57.9,225,133.7,211.2
2020-12-10 00:45:54,272.9,225.0,57.8,225,133.6,211.0
2020-12-10 00:46:24,272.9,225.1,58.0,225,133.6,211.4
2020-12-10 00:46:54,273.3,225.1,58.1,225,133.6,211.6
2020-12-10 00:47:24,272.5,225.1,58.0,225,133.2,211.5
2020-12-10 00:47:54,272.8,225.1,58.0,225,133.6,211.6
2020-12-10 00:48:24,272.6,225.1,58.0,225,133.8,211.5
2020-12-10 00:48:54,272.3,225.1,58.1,225,133.3,211.5
2020-12-10 00:49:24,272.5,225.2,58.1,225,133.4,211.5
2020-12-10 00:49:54,272.7,225.1,58.0,225,133.3,211.6
2020-12-10 00:50:24,272.7,225.1,58.0,225,133.3,211.5
2020-12-10 00:50:54,272.6,225.1,58.0,225,133.6,211.5
2020-12-10 00:51:24,272.4,225.1,58.0,225,133.4,211.5
2020-12-10 00:51:54,273.3,225.1,58.0,225,134.1,211.5
2020-12-10 00:52:24,272.2,225.2,58.1,225,133.5,211.7
2020-12-10 00:52:54,272.3,225.1,58.1,225,133.2,211.6
2020-12-10 00:53:24,272.9,225.1,58.1,225,133.6,211.7
2020-12-10 00:53:54,272.7,225.1,58.2,225,133.5,211.7
2020-12-10 00:54:24,271.8,225.1,58.2,225,133.0,211.7
2020-12-10 00:54:54,272.7,225.0,58.2,225,133.6,211.6
2020-12-10 00:55:24,272.0,225.1,58.1,225,133.3,211.6
2020-12-10 00:55:54,271.8,225.2,58.0,225,133.5,211.6
2020-12-10 00:56:24,273.0,225.1,58.2,225,133.4,211.7
2020-12-10 00:56:54,272.5,225.0,58.3,225,133.4,211.8
2020-12-10 00:57:24,272.9,225.0,58.2,225,133.4,211.7
2020-12-10 00:57:54,272.1,225.1,58.3,225,133.4,211.9
2020-12-10 00:58:24,271.7,225.1,58.5,225,132.9,212.1
2020-12-10 00:58:54,272.0,225.1,58.3,225,133.2,212.0
2020-12-10 00:59:24,271.3,225.2,58.5,225,132.8,212.2
2020-12-10 00:59:54,278.0,227.1,58.5,227,137.7,212.2
2020-12-10 01:00:24,278.7,227.0,58.5,227,137.5,212.4
2020-12-10 01:00:54,279.0,227.0,58.5,227,137.8,212.1
2020-12-10 01:01:24,278.6,227.1,58.5,227,138.0,212.2
2020-12-10 01:01:54,279.4,227.1,58.5,227,138.1,212.4
2020-12-10 01:02:24,279.2,227.1,58.6,227,137.8,212.4
2020-12-10 01:02:54,277.7,227.2,58.7,227,137.7,212.5
2020-12-10 01:03:24,279.0,227.0,58.7,227,138.0,212.5
2020-12-10 01:03:54,278.6,227.1,58.6,227,137.8,212.5
2020-12-10 01:04:24,279.4,227.1,58.7,227,138.0,212.4
2020-12-10 01:04:54,278.7,227.2,58.7,227,137.7,212.4
2020-12-10 01:05:24,277.9,227.2,58.8,227,137.5,212.8
2020-12-10 01:05:54,277.6,227.1,58.8,227,137.4,212.7
2020-12-10 01:06:24,279.0,227.2,58.9,227,137.8,212.8
2020-12-10 01:06:54,278.6,227.1,58.9,227,138.0,212.8
2020-12-10 01:07:24,277.5,227.1,59.0,227,137.3,212.6
2020-12-10 01:07:54,278.4,227.1,58.9,227,137.7,212.8
2020-12-10 01:08:24,278.8,227.1,58.7,227,138.1,212.6
2020-12-10 01:08:54,278.0,227.0,58.9,227,137.5,212.7
2020-12-10 01:09:24,278.5,227.2,58.9,227,138.0,212.6
2020-12-10 01:09:54,278.6,227.1,58.8,227,137.8,212.6
2020-12-10 01:10:24,278.2,227.2,58.9,227,137.9,212.9
2020-12-10 01:10:54,277.8,227.2,58.9,227,137.6,212.9
2020-12-10 01:11:24,278.7,227.1,59.0,227,137.7,213.0
2020-12-10 01:11:54,278.3,227.1,59.1,227,137.5,213.0
2020-12-10 01:12:24,278.5,227.2,58.9,227,137.7,212.9
2020-12-10 01:12:54,278.2,227.0,58.9,227,137.5,212.6
2020-12-10 01:13:24,278.6,227.1,58.7,227,137.8,212.5
2020-12-10 01:13:54,278.9,227.1,58.7,227,138.1,212.5
2020-12-10 01:14:24,279.1,227.0,58.6,227,138.1,212.4
2020-12-10 01:14:54,278.7,227.1,58.5,227,137.7,212.2
2020-12-10 01:15:24,278.7,227.1,58.5,227,137.9,212.1
2020-12-10 01:15:54,278.8,227.1,58.6,227,137.7,212.4
2020-12-10 01:16:24,278.5,227.0,58.7,227,137.8,212.2
2020-12-10 01:16:54,278.9,227.1,58.5,227,138.1,212.0
2020-12-10 01:17:24,279.3,227.2,58.4,227,138.3,212.1
2020-12-10 01:17:54,279.3,227.1,58.5,227,138.1,212.2
2020-12-10 01:18:24,278.7,227.2,58.6,227,138.0,212.2
2020-12-10 01:18:54,279.2,227.1,58.5,227,138.4,212.1
2020-12-10 01:19:24,278.8,227.1,58.5,227,137.8,212.3
2020-12-10 01:19:54,279.3,227.1,58.5,227,137.9,212.2
2020-12-10 01:20:24,278.4,227.1,58.7,227,137.5,212.3
2020-12-10 01:20:54,278.5,227.1,58.6,227,137.7,212.2
2020-12-10 01:21:24,278.9,227.0,58.5,227,138.0,212.1
2020-12-10 01:21:54,279.0,227.1,58.6,227,138.0,212.2
2020-12-10 01:22:24,278.4,227.2,58.6,227,137.8,212.3
2020-12-10 01:22:54,279.0,227.0,58.6,227,138.0,212.1
2020-12-10 01:23:24,278.7,227.1,58.7,227,137.8,212.5
2020-12-10 01:23:54,279.0,227.1,58.5,227,138.0,212.2
2020-12-10 01:24:24,278.3,227.1,58.6,227,137.7,212.3
2020-12-10 01:24:54,279.0,227.1,58.7,227,138.1,212.5
2020-12-10 01:25:24,278.5,227.1,58.7,227,137.8,212.5
2020-12-10 01:25:54,278.3,227.1,58.7,227,137.8,212.4
2020-12-10 01:26:24,278.3,227.1,58.6,227,138.0,212.4
2020-12-10 01:26:54,278.3,227.1,58.8,227,137.7,212.7
2020-12-10 01:27:24,278.9,227.1,58.8,227,138.1,212.5
2020-12-10 01:27:54,278.3,227.1,58.8,227,137.7,212.7
2020-12-10 01:28:24,278.9,227.0,58.9,227,137.9,212.7
2020-12-10 01:28:54,278.2,227.2,58.7,227,137.8,212.4
2020-12-10 01:29:24,278.1,227.1,58.7,227,137.4,212.4
2020-12-10 01:29:54,278.1,227.1,58.8,227,137.5,212.5
2020-12-10 01:30:24,278.6,227.2,58.8,227,138.0,212.6
2020-12-10 01:30:54,278.4,227.0,58.9,227,137.6,212.8
2020-12-10 01:31:24,278.0,227.1,59.0,227,137.5,212.8
2020-12-10 01:31:54,279.2,227.1,58.9,227,138.1,212.8
2020-12-10 01:32:24,278.1,227.1,58.9,227,137.8,212.8
2020-12-10 01:32:54,278.4,227.2,59.0,227,137.8,212.9
2020-12-10 01:33:24,278.6,227.1,58.9,227,137.8,212.8
2020-12-10 01:33:54,277.9,227.2,59.0,227,137.4,213.0
2020-12-10 01:34:24,278.1,227.2,59.1,227,137.5,213.0
2020-12-10 01:34:54,277.7,227.1,59.1,227,137.5,213.1
2020-12-10 01:35:24,278.3,227.2,59.0,227,137.7,212.8
2020-12-10 01:35:54,278.1,227.1,58.9,227,137.7,212.8
2020-12-10 01:36:24,277.9,227.1,58.9,227,137.4,212.8
2020-12-10 01:36:54,278.3,227.0,59.2,227,137.4,213.1
2020-12-10 01:37:24,278.3,227.2,59.2,227,137.8,213.3
2020-12-10 01:37:54,277.3,227.2,59.2,227,137.1,213.3
2020-12-10 01:38:24,277.6,227.2,59.2,227,137.5,213.3
2020-12-10 01:38:54,277.8,227.1,59.3,227,137.2,213.5
2020-12-10 01:39:24,277.9,227.2,59.2,227,137.5,213.0
2020-12-10 01:39:54,278.1,227.2,59.2,227,137.6,213.3
2020-12-10 01:40:24,278.0,227.1,59.3,227,137.8,213.4
2020-12-10 01:40:54,278.1,227.1,59.3,227,137.5,213.3
2020-12-10 01:41:24,277.9,227.1,59.1,227,137.5,213.0
2020-12-10 01:41:54,278.3,227.0,59.3,227,137.5,213.3
2020-12-10 01:42:24,278.3,227.1,59.3,227,137.8,213.3
2020-12-10 01:42:54,277.8,227.1,59.5,227,137.3,213.6
2020-12-10 01:43:24,277.5,227.2,59.3,227,137.4,213.2
2020-12-10 01:43:54,277.6,227.2,59.4,227,137.3,213.5
2020-12-10 01:44:24,277.4,227.0,59.5,227,137.1,213.6
2020-12-10 01:44:54,276.8,227.2,59.6,227,137.3,213.8
2020-12-10 01:45:24,277.5,227.1,59.6,227,137.3,213.8
2020-12-10 01:45:54,277.9,227.0,59.8,227,137.1,214.0
2020-12-10 01:46:24,277.2,227.2,59.5,227,137.3,213.7
2020-12-10 01:46:54,277.9,227.1,59.4,227,137.2,213.5
2020-12-10 01:47:24,277.2,227.0,59.6,227,137.0,213.8
2020-12-10 01:47:54,278.0,227.2,59.5,227,137.8,213.5
2020-12-10 01:48:24,277.4,227.1,59.4,227,137.3,213.4
2020-12-10 01:48:54,278.2,227.1,59.6,227,137.6,213.8
2020-12-10 01:49:24,277.5,227.2,59.6,227,137.2,213.7
2020-12-10 01:49:54,278.1,227.1,59.6,227,137.7,213.8
2020-12-10 01:50:24,277.9,227.1,59.7,227,137.4,213.9
2020-12-10 01:50:54,277.6,227.1,59.6,227,137.2,213.8
2020-12-10 01:51:24,277.5,227.0,59.7,227,137.2,213.9
2020-12-10 01:51:54,277.2,227.1,59.7,227,137.3,213.9
2020-12-10 01:52:24,277.6,227.1,59.8,227,137.0,214.0
2020-12-10 01:52:54,277.8,227.1,59.8,227,137.4,214.0
2020-12-10 01:53:24,277.6,227.2,59.8,227,137.2,214.0
2020-12-10 01:53:54,278.0,227.1,59.8,227,137.5,214.1
2020-12-10 01:54:24,277.9,227.1,59.8,227,137.3,214.1
2020-12-10 01:54:54,277.2,227.0,59.9,227,136.7,214.3
2020-12-10 01:55:24,277.5,227.1,59.8,227,137.3,213.9
2020-12-10 01:55:54,278.1,227.0,59.8,227,137.5,214.1
2020-12-10 01:56:24,277.5,227.1,59.9,227,137.3,214.2
2020-12-10 01:56:54,277.1,227.1,60.1,227,137.2,214.5
2020-12-10 01:57:24,276.8,227.1,60.1,227,137.1,214.4
2020-12-10 01:57:54,276.9,227.2,60.0,227,137.3,214.4
2020-12-10 01:58:24,277.0,227.1,59.9,227,137.1,214.2
2020-12-10 01:58:54,277.3,227.0,60.0,227,137.0,214.3
2020-12-10 01:59:24,277.5,227.0,60.1,227,137.4,214.4
2020-12-10 01:59:54,278.0,227.1,60.1,227,137.2,214.5
2020-12-10 02:00:24,277.3,227.0,60.1,227,136.8,214.4
2020-12-10 02:00:54,276.8,227.1,60.2,227,137.0,214.7
2020-12-10 02:01:24,277.0,227.2,60.2,227,137.5,214.6
2020-12-10 02:01:54,277.2,227.1,60.4,227,136.9,214.8
2020-12-10 02:02:24,277.1,227.1,60.4,227,136.8,214.7
2020-12-10 02:02:54,277.2,227.0,60.3,227,137.0,214.8
2020-12-10 02:03:24,277.2,227.1,60.4,227,137.3,214.9
2020-12-10 02:03:54,276.9,227.2,60.3,227,137.0,214.8
2020-12-10 02:04:24,276.4,227.1,60.4,227,136.9,215.0
2020-12-10 02:04:54,276.8,227.1,60.6,227,136.8,214.9
2020-12-10 02:05:24,276.8,227.1,60.5,227,136.9,214.9
2020-12-10 02:05:54,277.2,227.1,60.3,227,137.1,214.8
2020-12-10 02:06:24,276.5,227.0,60.5,227,136.8,215.1
2020-12-10 02:06:54,276.0,227.2,60.5,227,136.7,214.9
2020-12-10 02:07:24,275.9,227.1,60.5,227,136.6,215.2
2020-12-10 02:07:54,276.8,226.9,60.5,227,136.8,215.1
2020-12-10 02:08:24,276.4,227.1,60.5,227,136.7,215.3
2020-12-10 02:08:54,276.8,227.1,60.7,227,136.7,215.1
2020-12-10 02:09:24,277.4,227.1,60.7,227,137.1,215.4
2020-12-10 02:09:54,276.7,227.1,60.5,227,136.9,215.1
2020-12-10 02:10:24,276.4,227.1,60.7,227,136.6,215.5
2020-12-10 02:10:54,276.8,227.1,60.6,227,137.1,215.0
2020-12-10 02:11:24,276.9,227.1,60.6,227,136.9,215.2
2020-12-10 02:11:54,276.5,227.1,60.7,227,136.6,215.4
2020-12-10 02:12:24,276.9,227.1,60.7,227,137.0,215.3
2020-12-10 02:12:54,276.2,227.2,60.7,227,136.6,215.5
2020-12-10 02:13:24,276.2,227.1,60.9,227,136.5,215.6
2020-12-10 02:13:54,277.0,227.1,60.9,227,137.0,215.6
2020-12-10 02:14:24,276.1,227.1,60.8,227,136.4,215.6
2020-12-10 02:14:54,276.1,227.1,60.9,227,136.5,215.5
2020-12-10 02:15:24,276.1,227.1,60.7,227,136.5,215.4
2020-12-10 02:15:54,276.0,227.1,60.9,227,136.6,215.7
2020-12-10 02:16:24,275.7,227.1,60.9,227,136.3,215.7
2020-12-10 02:16:54,275.7,227.1,60.9,227,136.2,215.6
2020-12-10 02:17:24,276.4,227.1,61.1,227,136.6,215.9
2020-12-10 02:17:54,275.9,227.1,60.9,227,136.4,215.9
2020-12-10 02:18:24,275.7,227.0,61.0,227,136.1,215.8
2020-12-10 02:18:54,276.9,227.1,61.0,227,136.8,215.9
2020-12-10 02:19:24,275.7,227.0,61.1,227,136.2,215.9
2020-12-10 02:19:54,287.2,227.2,61.1,228,141.0,215.8
2020-12-10 02:20:24,279.4,228.3,61.2,228,139.1,216.0
2020-12-10 02:20:54,280.1,228.2,61.1,228,139.4,216.2
2020-12-10 02:21:24,279.8,228.2,61.1,228,139.3,216.0
2020-12-10 02:21:54,280.5,228.2,61.2,228,139.1,216.1
2020-12-10 02:22:24,279.6,228.2,61.2,228,138.9,216.1
2020-12-10 02:22:54,279.3,228.2,61.1,228,138.8,216.2
2020-12-10 02:23:24,279.8,228.2,61.3,228,139.1,216.3
2020-12-10 02:23:54,278.9,228.3,61.3,228,138.6,216.0
2020-12-10 02:24:24,279.3,228.3,61.2,228,138.8,216.2
2020-12-10 02:24:54,279.7,228.2,61.4,228,139.0,216.6
2020-12-10 02:25:24,279.8,228.2,61.3,228,139.1,216.3
2020-12-10 02:25:54,279.6,228.2,61.3,228,138.9,216.2
2020-12-10 02:26:24,280.5,228.2,61.4,228,139.3,216.2
2020-12-10 02:26:54,279.0,228.2,61.4,228,138.8,216.5
2020-12-10 02:27:24,278.4,228.3,61.6,228,138.6,216.7
2020-12-10 02:27:54,279.7,228.1,61.4,228,139.1,216.3
2020-12-10 02:28:24,279.8,228.2,61.5,228,139.3,216.5
2020-12-10 02:28:54,279.7,228.2,61.4,228,139.0,216.5
2020-12-10 02:29:24,279.3,228.2,61.5,228,138.7,216.6
2020-12-10 02:29:54,279.1,228.2,61.5,228,138.8,216.5
2020-12-10 02:30:24,279.4,228.2,61.5,228,139.0,216.5
2020-12-10 02:30:54,280.1,228.2,61.5,228,139.4,216.5
2020-12-10 02:31:24,280.1,228.1,61.7,228,138.8,216.7
2020-12-10 02:31:54,278.6,228.3,61.9,228,138.6,216.9
2020-12-10 02:32:24,279.2,228.2,61.8,228,138.5,216.7
2020-12-10 02:32:54,279.0,228.2,61.7,228,138.7,216.8
2020-12-10 02:33:24,278.9,228.1,61.8,228,138.4,216.9
2020-12-10 02:33:54,279.0,228.2,61.8,228,139.0,216.9
2020-12-10 02:34:24,279.4,228.2,61.9,228,138.9,216.9
2020-12-10 02:34:54,279.6,228.2,61.9,228,138.4,217.0
2020-12-10 02:35:24,280.1,228.1,61.9,228,139.0,217.0
2020-12-10 02:35:54,278.9,228.2,61.9,228,138.5,217.2
2020-12-10 02:36:24,279.4,228.1,61.8,228,138.8,216.9
2020-12-10 02:36:54,279.1,228.2,61.9,228,138.8,216.9
2020-12-10 02:37:24,279.1,228.1,62.0,228,138.7,217.0
2020-12-10 02:37:54,278.7,228.2,62.0,228,138.5,217.0
2020-12-10 02:38:24,279.3,228.3,62.0,228,138.8,217.2
2020-12-10 02:38:54,279.3,228.2,61.9,228,138.4,217.1
2020-12-10 02:39:24,279.2,228.2,61.9,228,138.8,217.0
2020-12-10 02:39:54,279.1,228.2,62.0,228,138.7,217.1
2020-12-10 02:40:24,278.3,228.3,62.0,228,138.6,217.2
2020-12-10 02:40:54,278.7,228.2,62.1,228,138.4,217.3
2020-12-10 02:41:24,278.7,228.2,62.0,228,138.7,217.1
2020-12-10 02:41:54,278.2,228.3,62.2,228,138.4,217.3
2020-12-10 02:42:24,278.8,228.2,62.1,228,138.7,217.5
2020-12-10 02:42:54,278.3,228.2,62.2,228,138.2,217.6
2020-12-10 02:43:24,278.4,228.3,62.3,228,138.4,217.5
2020-12-10 02:43:54,278.3,228.1,62.4,228,138.3,217.6
2020-12-10 02:44:24,279.2,228.1,62.2,228,138.6,217.5
2020-12-10 02:44:54,277.9,228.3,62.3,228,138.5,217.7
2020-12-10 02:45:24,278.1,228.3,62.5,228,138.7,217.8
2020-12-10 02:45:54,278.3,228.3,62.3,228,138.4,217.6
2020-12-10 02:46:24,278.9,228.2,62.4,228,138.4,217.8
2020-12-10 02:46:54,285.8,230.1,62.5,230,143.1,217.9
2020-12-10 02:47:24,285.2,230.1,62.6,230,143.1,218.0
2020-12-10 02:47:54,285.5,230.2,62.5,230,143.2,217.9
2020-12-10 02:48:24,285.3,230.2,62.6,230,143.2,218.1
2020-12-10 02:48:54,285.1,230.2,62.5,230,143.2,217.9
2020-12-10 02:49:24,285.4,230.2,62.6,230,143.5,218.2
2020-12-10 02:49:54,284.3,230.2,62.8,230,142.9,218.2
2020-12-10 02:50:24,285.7,230.2,62.7,230,143.4,218.1
2020-12-10 02:50:54,285.7,230.2,62.6,230,143.0,218.2
2020-12-10 02:51:24,285.7,230.1,62.8,230,143.1,218.3
2020-12-10 02:51:54,285.0,230.2,62.8,230,143.1,218.2
2020-12-10 02:52:24,284.7,230.2,62.8,230,143.2,218.3
2020-12-10 02:52:54,285.2,230.2,62.8,230,143.1,218.3
2020-12-10 02:53:24,285.9,230.1,62.9,230,143.5,218.5
2020-12-10 02:53:54,285.3,230.1,62.7,230,143.2,218.2
2020-12-10 02:54:24,285.0,230.2,62.8,230,143.0,218.3
2020-12-10 02:54:54,292.2,232.1,63.1,232,147.8,218.7
2020-12-10 02:55:24,290.4,230.9,63.0,231,146.3,218.6
2020-12-10 02:55:54,294.4,233.2,63.1,233,150.0,218.7
2020-12-10 02:56:24,294.4,233.1,63.3,233,150.1,219.1
2020-12-10 02:56:54,295.4,233.0,63.2,233,150.4,218.9
2020-12-10 02:57:24,295.8,233.1,63.1,233,150.5,218.7
2020-12-10 02:57:54,295.6,233.0,63.3,233,150.5,219.0
2020-12-10 02:58:24,295.2,233.0,63.3,233,150.4,219.1
2020-12-10 02:58:54,295.5,233.0,63.2,233,150.1,218.9
2020-12-10 02:59:24,295.0,233.1,63.4,233,150.1,219.1
2020-12-10 02:59:54,295.6,233.1,63.5,233,150.5,219.0
2020-12-10 03:00:24,295.0,233.0,63.3,233,150.0,218.8
2020-12-10 03:00:54,295.0,233.1,63.4,233,150.3,218.9
2020-12-10 03:01:24,295.2,233.0,63.3,233,150.2,219.1
2020-12-10 03:01:54,294.8,233.0,63.5,233,149.9,219.2
2020-12-10 03:02:24,295.2,233.1,63.4,233,150.1,219.1
2020-12-10 03:02:54,295.0,233.0,63.3,233,149.8,219.0
2020-12-10 03:03:24,295.8,233.1,63.6,233,150.1,219.2
2020-12-10 03:03:54,294.8,233.1,63.5,233,150.2,219.2
2020-12-10 03:04:24,295.3,233.0,63.7,233,150.3,219.4
2020-12-10 03:04:54,307.6,235.4,63.7,235,156.9,219.3
2020-12-10 03:05:24,299.3,234.1,63.6,234,152.8,219.2
2020-12-10 03:05:54,298.8,234.1,63.8,234,152.8,219.6
2020-12-10 03:06:24,299.1,234.1,63.8,234,153.0,219.5
2020-12-10 03:06:54,299.1,234.1,63.6,234,153.0,219.5
2020-12-10 03:07:24,298.5,234.0,63.9,234,152.4,219.7
2020-12-10 03:07:54,299.0,234.2,64.0,234,153.0,219.7
2020-12-10 03:08:24,299.5,234.1,63.7,234,153.2,219.4
2020-12-10 03:08:54,299.9,234.3,63.7,234,153.3,219.4
2020-12-10 03:09:24,298.8,234.1,63.8,234,152.6,219.9
2020-12-10 03:09:54,298.6,234.1,63.8,234,152.8,219.6
2020-12-10 03:10:24,298.8,234.1,63.9,234,152.7,219.7
2020-12-10 03:10:54,298.9,234.1,63.8,234,152.6,219.6
2020-12-10 03:11:24,298.9,234.1,64.1,234,152.7,220.0
2020-12-10 03:11:54,299.0,234.2,64.0,234,152.9,219.7
2020-12-10 03:12:24,298.6,234.1,64.0,234,152.6,219.9
2020-12-10 03:12:54,298.7,234.0,64.1,234,152.4,219.9
2020-12-10 03:13:24,298.9,234.0,64.2,234,152.7,220.1
2020-12-10 03:13:54,298.6,234.2,64.3,234,152.6,220.2
2020-12-10 03:14:24,299.1,234.1,64.0,234,152.8,219.9
2020-12-10 03:14:54,298.7,234.2,64.1,234,152.7,220.0
2020-12-10 03:15:24,298.5,234.0,64.2,234,152.7,220.1
2020-12-10 03:15:54,299.0,234.1,64.1,234,152.8,220.1
2020-12-10 03:16:24,298.6,234.1,64.2,234,152.5,220.1
2020-12-10 03:16:54,298.7,234.1,64.3,234,152.9,220.2
2020-12-10 03:17:24,298.9,234.1,64.3,234,153.0,220.3
2020-12-10 03:17:54,298.0,234.2,64.2,234,152.4,220.3
2020-12-10 03:18:24,298.6,234.1,64.4,234,152.6,220.3
2020-12-10 03:18:54,298.1,234.1,64.5,234,152.3,220.6
2020-12-10 03:19:24,297.7,234.1,64.7,234,152.4,220.8
2020-12-10 03:19:54,298.4,234.1,64.6,234,152.6,220.7
2020-12-10 03:20:24,298.0,234.2,64.4,234,152.5,220.4
2020-12-10 03:20:54,298.0,234.2,64.4,234,152.7,220.5
2020-12-10 03:21:24,297.3,234.1,64.5,234,152.3,220.5
2020-12-10 03:21:54,298.5,234.0,64.5,234,152.5,220.4
2020-12-10 03:22:24,297.4,234.1,64.7,234,152.0,220.8
2020-12-10 03:22:54,297.4,234.2,64.6,234,152.4,220.6
2020-12-10 03:23:24,298.6,234.0,64.4,234,152.5,220.5
2020-12-10 03:23:54,297.8,234.1,64.5,234,152.5,220.6
2020-12-10 03:24:24,297.8,234.1,64.6,234,152.2,220.7
2020-12-10 03:24:54,297.8,234.2,64.7,234,152.6,220.7
2020-12-10 03:25:24,297.6,234.1,64.6,234,152.3,220.8
2020-12-10 03:25:54,298.1,234.1,64.8,234,152.3,221.0
2020-12-10 03:26:24,297.9,234.0,64.8,234,151.8,221.1
2020-12-10 03:26:54,298.3,234.1,64.6,234,152.4,220.8
2020-12-10 03:27:24,297.9,234.1,65.0,234,152.3,221.3
2020-12-10 03:27:54,297.3,234.1,64.8,234,151.9,221.0
2020-12-10 03:28:24,297.6,234.2,64.7,234,152.4,221.0
2020-12-10 03:28:54,297.9,234.0,64.6,234,152.2,220.8
2020-12-10 03:29:24,297.0,234.1,64.9,234,152.0,221.2
2020-12-10 03:29:54,297.3,234.2,65.1,234,151.8,221.2
2020-12-10 03:30:24,297.0,234.1,64.9,234,151.8,221.3
2020-12-10 03:30:54,297.0,234.0,65.1,234,151.7,221.4
2020-12-10 03:31:24,298.0,234.1,65.0,234,152.3,221.3
2020-12-10 03:31:54,297.2,234.1,65.0,234,151.9,221.4
2020-12-10 03:32:24,297.8,234.1,64.8,234,152.4,221.0
2020-12-10 03:32:54,297.2,234.1,64.9,234,151.9,221.3
2020-12-10 03:33:24,296.6,234.1,65.1,234,151.4,221.5
2020-12-10 03:33:54,297.0,234.2,65.0,234,151.8,221.3
2020-12-10 03:34:24,296.1,234.1,65.1,234,151.4,221.4
2020-12-10 03:34:54,297.0,234.1,65.2,234,151.8,221.7
2020-12-10 03:35:24,297.4,234.1,65.1,234,152.0,221.6
2020-12-10 03:35:54,296.9,234.2,65.4,234,151.9,221.9
2020-12-10 03:36:24,297.4,234.1,65.2,234,151.9,221.8
2020-12-10 03:36:54,296.9,234.2,65.2,234,151.9,221.6
2020-12-10 03:37:24,296.3,234.1,65.2,234,151.3,221.9
2020-12-10 03:37:54,296.0,234.1,65.4,234,151.3,221.9
2020-12-10 03:38:24,299.4,234.9,65.4,235,153.4,222.1
2020-12-10 03:38:54,299.4,235.0,65.4,235,153.5,221.9
2020-12-10 03:39:24,300.2,234.9,65.5,235,154.0,222.0
2020-12-10 03:39:54,300.1,234.9,65.3,235,153.7,221.8
2020-12-10 03:40:24,299.7,235.0,65.5,235,153.8,222.2
2020-12-10 03:40:54,299.9,235.0,65.4,235,153.8,222.0
2020-12-10 03:41:24,299.6,235.0,65.5,235,153.7,222.1
2020-12-10 03:41:54,300.0,235.1,65.5,235,153.9,222.1
2020-12-10 03:42:24,300.2,234.9,65.4,235,154.1,222.0
2020-12-10 03:42:54,299.8,235.1,65.7,235,153.9,222.3
2020-12-10 03:43:24,299.9,235.0,65.5,235,154.0,222.3
2020-12-10 03:43:54,299.5,234.9,65.6,235,153.5,222.2
2020-12-10 03:44:24,299.8,235.0,65.6,235,154.0,222.1
2020-12-10 03:44:54,300.2,235.0,65.5,235,154.0,222.2
2020-12-10 03:45:24,299.5,235.1,65.7,235,154.0,222.3
2020-12-10 03:45:54,299.8,235.1,65.6,235,154.3,222.0
2020-12-10 03:46:24,300.1,235.0,65.7,235,154.0,222.2
2020-12-10 03:46:54,299.8,234.9,65.9,235,154.0,222.5
2020-12-10 03:47:24,299.1,235.0,65.9,235,153.6,222.5
2020-12-10 03:47:54,298.7,235.1,66.0,235,153.8,222.7
2020-12-10 03:48:24,298.9,235.0,65.9,235,153.6,222.7
2020-12-10 03:48:54,298.9,235.0,66.0,235,153.6,222.5
2020-12-10 03:49:24,299.5,234.9,65.8,235,153.5,222.5
2020-12-10 03:49:54,299.0,235.0,66.0,235,153.3,222.7
2020-12-10 03:50:24,299.1,234.9,66.0,235,153.5,222.9
2020-12-10 03:50:54,313.0,235.9,66.0,237,160.5,222.7
2020-12-10 03:51:24,335.3,242.0,66.5,243,174.1,223.3
2020-12-10 03:51:54,335.7,245.1,66.6,245,180.4,223.6
2020-12-10 03:52:24,335.7,245.1,66.7,245,180.3,223.6
2020-12-10 03:52:54,335.3,245.1,66.6,245,180.1,223.7
2020-12-10 03:53:24,335.3,245.0,66.7,245,180.1,223.8
2020-12-10 03:53:54,337.3,245.3,66.8,247,180.4,223.8
2020-12-10 03:54:24,338.6,246.0,66.9,246,182.7,223.7
2020-12-10 03:54:54,339.1,246.0,66.7,246,182.7,223.6
2020-12-10 03:55:24,339.2,246.0,66.7,246,182.9,223.7
2020-12-10 03:55:54,338.6,246.0,67.0,246,182.6,223.9
2020-12-10 03:56:24,338.9,246.0,67.1,246,182.7,224.1
2020-12-10 03:56:54,338.4,246.0,66.9,246,182.3,224.0
2020-12-10 03:57:24,338.3,245.9,67.2,246,182.3,224.4
2020-12-10 03:57:54,338.5,246.0,67.0,246,182.6,224.1
2020-12-10 03:58:24,335.5,245.2,67.1,245,180.1,224.1
2020-12-10 03:58:54,342.2,247.2,67.2,247,185.9,224.3
2020-12-10 03:59:24,342.0,247.1,67.1,247,185.5,224.3
2020-12-10 03:59:54,342.4,247.0,67.1,247,185.4,224.2
2020-12-10 04:00:24,341.8,247.1,67.3,247,185.3,224.4
2020-12-10 04:00:54,342.3,247.0,67.3,247,185.8,224.2
2020-12-10 04:01:24,342.4,247.1,67.1,247,185.6,224.3
2020-12-10 04:01:54,342.0,247.1,67.3,247,185.5,224.5
2020-12-10 04:02:24,342.0,247.1,67.4,247,185.3,224.6
2020-12-10 04:02:54,341.6,247.1,67.5,247,184.9,224.9
2020-12-10 04:03:24,341.6,247.2,67.5,247,185.3,224.8
2020-12-10 04:03:54,341.8,247.1,67.4,247,184.9,224.6
2020-12-10 04:04:24,340.9,247.2,67.6,247,185.0,224.8
2020-12-10 04:04:54,341.8,247.0,67.6,247,185.1,224.9
2020-12-10 04:05:24,341.3,247.1,67.5,247,184.9,224.9
2020-12-10 04:05:54,341.1,247.1,67.6,247,185.0,224.9
2020-12-10 04:06:24,341.6,247.2,67.8,247,185.0,225.1
2020-12-10 04:06:54,342.0,247.2,67.6,247,185.3,224.9
2020-12-10 04:07:24,341.6,247.0,67.9,247,185.4,225.3
2020-12-10 04:07:54,341.8,247.1,67.9,247,184.9,225.2
2020-12-10 04:08:24,341.6,247.1,67.8,247,185.1,225.3
2020-12-10 04:08:54,341.6,246.9,67.7,247,184.8,225.0
2020-12-10 04:09:24,341.6,247.0,67.9,247,184.9,225.4
2020-12-10 04:09:54,341.6,247.1,67.8,247,185.0,225.2
2020-12-10 04:10:24,341.5,247.0,67.9,247,184.7,225.4
2020-12-10 04:10:54,341.6,247.1,68.2,247,185.0,225.7
2020-12-10 04:11:24,340.9,247.0,68.0,247,184.9,225.7
2020-12-10 04:11:54,342.0,247.1,68.0,247,185.2,225.5
2020-12-10 04:12:24,341.2,247.0,68.1,247,184.5,225.7
2020-12-10 04:12:54,341.8,247.0,67.8,247,184.8,225.4
2020-12-10 04:13:24,341.2,247.2,68.0,247,185.0,225.6
2020-12-10 04:13:54,341.3,247.0,68.0,247,184.7,225.3
2020-12-10 04:14:24,341.2,247.1,68.3,247,185.0,225.7
2020-12-10 04:14:54,341.6,247.1,67.9,247,184.8,225.4
2020-12-10 04:15:24,341.2,247.2,68.0,247,185.0,225.5
2020-12-10 04:15:54,341.1,247.1,68.0,247,184.9,225.5
2020-12-10 04:16:24,342.6,247.1,68.0,247,185.4,225.8
2020-12-10 04:16:54,341.9,247.0,68.2,247,184.7,225.7
2020-12-10 04:17:24,341.2,247.1,68.1,247,184.6,225.6
2020-12-10 04:17:54,341.6,247.1,68.0,247,185.1,225.6
2020-12-10 04:18:24,342.0,247.0,68.0,247,185.0,225.7
2020-12-10 04:18:54,341.9,247.0,68.2,247,185.1,225.8
2020-12-10 04:19:24,341.6,247.2,68.1,247,185.1,225.6
2020-12-10 04:19:54,340.9,247.0,68.2,247,184.6,225.8
2020-12-10 04:20:24,341.6,247.1,68.2,247,184.9,225.8
2020-12-10 04:20:54,341.5,247.0,68.1,247,184.7,225.6
2020-12-10 04:21:24,342.0,247.0,68.4,247,184.9,226.0
2020-12-10 04:21:54,341.4,247.2,68.2,247,185.3,225.9
2020-12-10 04:22:24,345.1,248.3,68.3,248,187.9,225.9
2020-12-10 04:22:54,344.6,248.2,68.3,248,187.6,225.8
2020-12-10 04:23:24,345.2,248.3,68.4,248,188.0,226.0
2020-12-10 04:23:54,344.7,248.3,68.3,248,187.6,226.0
2020-12-10 04:24:24,344.9,248.2,68.4,248,187.7,225.9
2020-12-10 04:24:54,345.2,248.3,68.4,248,187.8,226.1
2020-12-10 04:25:24,345.5,248.2,68.4,248,187.9,226.0
2020-12-10 04:25:54,345.6,248.2,68.4,248,188.0,226.1
2020-12-10 04:26:24,345.0,248.3,68.5,248,187.8,226.2
2020-12-10 04:26:54,345.5,248.1,68.6,248,187.7,226.5
2020-12-10 04:27:24,345.5,248.2,68.5,248,188.0,226.0
2020-12-10 04:27:54,345.5,248.1,68.5,248,187.7,226.2
2020-12-10 04:28:24,345.0,248.2,68.5,248,187.6,226.2
2020-12-10 04:28:54,345.3,248.1,68.7,248,187.8,226.5
2020-12-10 04:29:24,344.4,248.3,68.6,248,187.6,226.4
2020-12-10 04:29:54,345.1,248.3,68.7,248,187.9,226.5
2020-12-10 04:30:24,345.1,248.2,68.7,248,187.6,226.3
2020-12-10 04:30:54,344.9,248.2,68.8,248,187.5,226.6
2020-12-10 04:31:24,345.0,248.2,68.6,248,187.8,226.2
2020-12-10 04:31:54,344.7,248.2,68.6,248,187.2,226.4
2020-12-10 04:32:24,344.6,248.2,68.8,248,187.2,226.6
2020-12-10 04:32:54,345.5,248.2,68.7,248,188.0,226.4
2020-12-10 04:33:24,345.0,248.3,68.8,248,187.9,226.6
2020-12-10 04:33:54,345.1,248.2,68.9,248,187.8,226.8
2020-12-10 04:34:24,344.1,248.3,68.7,248,187.6,226.5
2020-12-10 04:34:54,345.0,248.2,68.8,248,187.5,226.7
2020-12-10 04:35:24,345.3,248.2,69.0,248,187.9,227.0
2020-12-10 04:35:54,344.9,248.3,68.9,248,187.8,226.8
2020-12-10 04:36:24,344.4,248.3,68.8,248,187.4,226.6
2020-12-10 04:36:54,345.5,248.2,68.8,248,188.0,226.7
2020-12-10 04:37:24,345.3,248.3,68.8,248,187.9,226.6
2020-12-10 04:37:54,344.8,248.3,69.1,248,187.6,227.1
2020-12-10 04:38:24,344.7,248.2,69.1,248,187.5,227.1
2020-12-10 04:38:54,345.1,248.2,69.1,248,187.5,227.1
2020-12-10 04:39:24,345.8,248.2,69.0,248,187.9,226.9
2020-12-10 04:39:54,344.4,248.3,69.2,248,187.3,227.2
2020-12-10 04:40:24,344.8,248.2,69.0,248,187.8,226.8
2020-12-10 04:40:54,345.3,248.1,69.2,248,187.5,227.2
2020-12-10 04:41:24,345.2,248.2,69.3,248,187.8,227.3
2020-12-10 04:41:54,344.6,248.2,69.3,248,187.5,227.4
2020-12-10 04:42:24,344.7,248.2,69.1,248,187.5,227.0
2020-12-10 04:42:54,344.5,248.2,69.3,248,187.2,227.4
2020-12-10 04:43:24,344.4,248.2,69.2,248,187.9,227.2
2020-12-10 04:43:54,344.4,248.3,69.4,248,187.6,227.5
2020-12-10 04:44:24,344.4,248.3,69.4,248,187.3,227.4
2020-12-10 04:44:54,344.0,248.3,69.2,248,187.3,227.2
2020-12-10 04:45:24,345.0,248.2,69.4,248,187.2,227.5
2020-12-10 04:45:54,343.5,248.3,69.3,248,186.9,227.4
2020-12-10 04:46:24,344.7,248.2,69.5,248,187.6,227.5
2020-12-10 04:46:54,344.0,248.2,69.5,248,187.0,227.7
2020-12-10 04:47:24,346.7,249.0,69.4,249,188.9,227.6
2020-12-10 04:47:54,347.0,249.2,69.5,249,189.5,227.5
2020-12-10 04:48:24,347.6,249.1,69.4,249,189.6,227.5
2020-12-10 04:48:54,347.9,249.0,69.7,249,189.8,227.9
2020-12-10 04:49:24,347.2,249.1,69.7,249,189.3,227.8
2020-12-10 04:49:54,347.4,249.3,69.7,249,190.0,227.7
2020-12-10 04:50:24,346.9,249.1,69.6,249,189.5,227.9
2020-12-10 04:50:54,347.9,249.1,69.6,249,190.1,227.8
2020-12-10 04:51:24,347.8,249.0,69.7,249,190.0,227.9
2020-12-10 04:51:54,347.4,249.1,69.8,249,189.8,227.9
2020-12-10 04:52:24,347.0,249.1,69.8,249,189.5,228.1
2020-12-10 04:52:54,347.6,249.2,69.7,249,189.6,227.9
2020-12-10 04:53:24,347.6,249.1,69.8,249,189.9,228.1
2020-12-10 04:53:54,347.4,249.1,69.8,249,189.7,228.2
2020-12-10 04:54:24,347.0,249.1,69.7,249,189.2,227.9
2020-12-10 04:54:54,347.9,249.1,69.9,249,189.9,228.1
2020-12-10 04:55:24,348.0,249.1,69.9,249,189.4,228.1
2020-12-10 04:55:54,348.3,249.1,69.8,249,190.1,228.0
2020-12-10 04:56:24,347.4,249.1,69.9,249,189.3,228.0
2020-12-10 04:56:54,348.0,249.1,70.2,249,189.8,228.3
2020-12-10 04:57:24,347.0,249.0,70.0,249,189.3,228.4
2020-12-10 04:57:54,347.2,249.1,69.9,249,189.9,228.2
2020-12-10 04:58:24,347.9,248.9,70.1,249,189.8,228.4
2020-12-10 04:58:54,347.6,249.0,69.9,249,189.8,228.2
2020-12-10 04:59:24,347.4,249.1,70.1,249,189.7,228.3
2020-12-10 04:59:54,347.6,249.1,70.2,249,189.5,228.5
2020-12-10 05:00:24,347.6,249.2,70.2,249,189.8,228.6
2020-12-10 05:00:54,347.2,249.1,70.1,249,189.3,228.4
2020-12-10 05:01:24,347.2,249.1,70.1,249,189.5,228.5
2020-12-10 05:01:54,347.4,249.2,70.1,249,190.0,228.5
2020-12-10 05:02:24,347.9,249.1,70.1,249,189.7,228.4
2020-12-10 05:02:54,347.3,249.1,70.1,249,189.5,228.3
2020-12-10 05:03:24,347.2,249.2,70.1,249,189.9,228.6
2020-12-10 05:03:54,346.3,249.1,70.3,249,188.9,228.9
2020-12-10 05:04:24,347.0,249.1,70.2,249,189.3,228.7
2020-12-10 05:04:54,347.0,249.1,70.1,249,189.5,228.4
2020-12-10 05:05:24,347.2,249.0,70.3,249,189.5,228.8
2020-12-10 05:05:54,347.4,249.1,70.2,249,189.8,228.7
2020-12-10 05:06:24,347.2,249.0,70.2,249,189.3,228.8
2020-12-10 05:06:54,346.5,249.0,70.3,249,189.5,228.8
2020-12-10 05:07:24,347.3,249.1,70.4,249,189.8,228.9
2020-12-10 05:07:54,347.4,249.1,70.5,249,189.8,228.8
2020-12-10 05:08:24,346.6,249.2,70.4,249,189.4,228.8
2020-12-10 05:08:54,348.1,249.0,70.3,249,189.9,228.8
2020-12-10 05:09:24,347.0,249.1,70.4,249,189.5,228.8
2020-12-10 05:09:54,347.2,249.0,70.3,249,189.5,228.9
2020-12-10 05:10:24,347.6,249.0,70.5,249,189.4,229.1
2020-12-10 05:10:54,346.1,249.2,70.6,249,189.3,229.2
2020-12-10 05:11:24,346.7,249.2,70.7,249,189.7,229.1
2020-12-10 05:11:54,346.7,249.1,70.8,249,189.3,229.4
2020-12-10 05:12:24,347.4,249.0,70.7,249,189.3,229.2
2020-12-10 05:12:54,346.5,249.1,70.7,249,188.8,229.3
2020-12-10 05:13:24,346.9,249.1,70.7,249,189.0,229.3
2020-12-10 05:13:54,347.0,249.2,70.9,249,189.2,229.5
2020-12-10 05:14:24,346.6,249.1,70.9,249,189.3,229.5
2020-12-10 05:14:54,346.9,249.1,70.7,249,189.8,229.2
2020-12-10 05:15:24,347.0,249.2,70.7,249,189.9,229.3
2020-12-10 05:15:54,347.2,249.2,70.7,249,189.9,229.3
2020-12-10 05:16:24,346.9,249.1,70.6,249,189.5,229.2
2020-12-10 05:16:54,346.1,249.2,71.0,249,189.1,229.7
2020-12-10 05:17:24,346.8,249.1,71.0,249,189.6,229.7
2020-12-10 05:17:54,347.0,249.0,70.9,249,189.2,229.6
2020-12-10 05:18:24,346.5,249.1,71.0,249,189.3,229.6
2020-12-10 05:18:54,346.8,249.1,71.0,249,189.5,229.7
2020-12-10 05:19:24,347.4,249.2,70.9,249,189.6,229.7
2020-12-10 05:19:54,346.2,249.1,70.7,249,189.0,229.4
2020-12-10 05:20:24,347.0,249.1,71.1,249,189.5,229.9
2020-12-10 05:20:54,346.5,249.1,71.0,249,188.9,229.8
2020-12-10 05:21:24,346.3,249.1,71.2,249,189.2,230.0
2020-12-10 05:21:54,346.4,249.0,71.2,249,189.1,230.1
2020-12-10 05:22:24,345.8,249.2,71.1,249,189.2,229.9
2020-12-10 05:22:54,346.4,249.2,71.4,249,188.7,230.3
2020-12-10 05:23:24,350.3,250.2,71.2,250,192.1,229.9
2020-12-10 05:23:54,350.0,250.3,71.2,250,192.1,229.9
2020-12-10 05:24:24,349.7,250.2,71.4,250,192.4,230.4
2020-12-10 05:24:54,350.5,250.2,71.3,250,192.2,230.2
2020-12-10 05:25:24,351.0,250.2,71.3,250,192.5,230.3
2020-12-10 05:25:54,349.8,250.2,71.5,250,192.0,230.4
2020-12-10 05:26:24,350.7,250.0,71.3,250,192.0,230.1
2020-12-10 05:26:54,350.9,250.2,71.5,250,192.1,230.4
2020-12-10 05:27:24,350.2,250.2,71.4,250,192.6,230.2
2020-12-10 05:27:54,350.1,250.3,71.5,250,192.1,230.3
2020-12-10 05:28:24,350.7,250.2,71.8,250,192.2,230.7
2020-12-10 05:28:54,349.8,250.2,71.5,250,192.3,230.4
2020-12-10 05:29:24,349.8,250.3,71.5,250,192.0,230.4
2020-12-10 05:29:54,349.4,250.1,71.6,250,191.4,230.5
2020-12-10 05:30:24,349.4,250.2,71.5,250,192.0,230.4
2020-12-10 05:30:54,350.5,250.2,71.7,250,191.8,230.6
2020-12-10 05:31:24,350.3,250.2,71.7,250,192.0,230.7
2020-12-10 05:31:54,349.8,250.1,71.7,250,192.1,230.6
2020-12-10 05:32:24,350.2,250.2,71.7,250,192.1,230.7
2020-12-10 05:32:54,349.6,250.1,71.6,250,192.1,230.7
2020-12-10 05:33:24,349.8,250.2,71.8,250,191.5,230.8
2020-12-10 05:33:54,349.5,250.3,71.7,250,192.2,230.6
2020-12-10 05:34:24,349.7,250.2,71.9,250,191.6,231.1
2020-12-10 05:34:54,349.8,250.2,72.0,250,191.8,231.0
2020-12-10 05:35:24,349.2,250.2,71.8,250,191.8,230.9
2020-12-10 05:35:54,349.8,250.2,71.8,250,192.0,230.9
2020-12-10 05:36:24,349.1,250.3,72.0,250,191.4,231.0
2020-12-10 05:36:54,350.5,250.1,72.0,250,191.5,231.1
2020-12-10 05:37:24,349.4,250.1,72.1,250,192.1,231.2
2020-12-10 05:37:54,349.8,250.3,72.2,250,191.8,231.4
2020-12-10 05:38:24,349.4,250.2,72.0,250,191.9,231.1
2020-12-10 05:38:54,350.2,250.2,72.1,250,192.1,231.2
2020-12-10 05:39:24,349.6,250.2,72.2,250,191.8,231.2
2020-12-10 05:39:54,348.4,250.3,72.2,250,191.7,231.4
2020-12-10 05:40:24,349.5,250.3,72.2,250,191.7,231.2
2020-12-10 05:40:54,348.5,250.2,72.0,250,191.7,231.1
2020-12-10 05:41:24,349.0,250.2,72.2,250,191.4,231.3
2020-12-10 05:41:54,348.9,250.3,72.2,250,191.6,231.3
2020-12-10 05:42:24,348.9,250.3,72.1,250,191.8,231.4
2020-12-10 05:42:54,348.9,250.2,72.3,250,191.4,231.6
2020-12-10 05:43:24,349.4,250.2,72.2,250,191.4,231.5
2020-12-10 05:43:54,348.4,250.1,72.2,250,191.0,231.6
2020-12-10 05:44:24,348.5,250.2,72.4,250,191.5,231.7
2020-12-10 05:44:54,348.4,250.2,72.4,250,191.8,231.5
2020-12-10 05:45:24,349.1,250.4,72.3,250,191.7,231.7
2020-12-10 05:45:54,348.3,250.2,72.4,250,191.1,231.9
2020-12-10 05:46:24,356.7,252.2,72.5,252,197.4,231.6
2020-12-10 05:46:54,356.4,252.1,72.4,252,197.0,231.8
2020-12-10 05:47:24,356.1,252.2,72.5,252,197.5,231.8
2020-12-10 05:47:54,356.9,252.0,72.5,252,197.3,231.9
2020-12-10 05:48:24,356.5,252.3,72.4,252,197.3,231.6
2020-12-10 05:48:54,356.3,252.2,72.5,252,197.2,231.7
2020-12-10 05:49:24,356.6,252.2,72.7,252,197.2,232.1
2020-12-10 05:49:54,357.4,252.1,72.8,252,197.7,232.1
2020-12-10 05:50:24,356.1,252.1,72.8,252,197.0,232.2
2020-12-10 05:50:54,356.4,252.1,73.0,252,196.5,232.5
2020-12-10 05:51:24,355.8,252.3,72.7,252,197.3,232.1
2020-12-10 05:51:54,356.2,252.1,72.8,252,196.8,232.3
2020-12-10 05:52:24,355.9,252.3,72.9,252,196.8,232.4
2020-12-10 05:52:54,355.9,252.2,72.7,252,196.6,232.1
2020-12-10 05:53:24,355.9,252.3,72.8,252,197.1,232.5
2020-12-10 05:53:54,356.3,252.1,72.8,252,197.0,232.2
2020-12-10 05:54:24,355.5,252.1,72.7,252,196.5,232.2
2020-12-10 05:54:54,355.6,252.2,73.1,252,196.6,232.6
2020-12-10 05:55:24,356.1,252.1,73.2,252,196.7,232.6
2020-12-10 05:55:54,355.7,252.2,72.9,252,196.6,232.5
2020-12-10 05:56:24,356.2,252.3,72.9,252,197.1,232.4
2020-12-10 05:56:54,333.3,245.7,72.8,246,178.2,232.2
2020-12-10 05:57:24,314.1,243.0,72.4,240,170.4,231.9
2020-12-10 05:57:54,315.8,242.1,72.5,242,167.2,232.1
2020-12-10 05:58:24,314.6,242.1,72.5,242,166.4,232.0
2020-12-10 05:58:54,315.2,242.1,72.5,242,167.1,232.2
2020-12-10 05:59:24,315.3,242.0,72.5,242,166.7,232.1
2020-12-10 05:59:54,315.2,242.1,72.4,242,166.8,232.0
2020-12-10 06:00:24,315.2,242.1,72.4,242,166.9,231.9
2020-12-10 06:00:54,315.6,242.1,72.6,242,167.1,232.5
2020-12-10 06:01:24,315.0,242.1,72.7,242,166.9,232.4
2020-12-10 06:01:54,316.0,242.1,72.7,242,167.0,232.4
2020-12-10 06:02:24,315.3,242.0,72.9,242,166.6,232.6
2020-12-10 06:02:54,315.0,242.1,72.8,242,166.6,232.4
2020-12-10 06:03:24,315.5,242.0,72.8,242,166.9,232.3
2020-12-10 06:03:54,315.3,242.0,72.8,242,166.9,232.6
2020-12-10 06:04:24,315.8,242.0,72.8,242,166.8,232.4
2020-12-10 06:04:54,314.5,242.1,73.0,242,166.6,232.7
2020-12-10 06:05:24,315.6,242.1,72.8,242,166.7,232.4
2020-12-10 06:05:54,315.2,242.0,73.0,242,166.7,232.5
2020-12-10 06:06:24,315.3,242.0,73.0,242,166.4,232.7
2020-12-10 06:06:54,315.2,242.1,73.0,242,166.7,232.7
2020-12-10 06:07:24,315.3,242.0,73.1,242,166.7,232.8
2020-12-10 06:07:54,314.9,242.1,73.0,242,166.6,232.7
2020-12-10 06:08:24,315.0,242.0,73.1,242,166.2,233.0
2020-12-10 06:08:54,315.2,242.0,73.0,242,166.2,232.9
2020-12-10 06:09:24,314.8,242.0,73.1,242,166.3,232.8
2020-12-10 06:09:54,314.1,242.1,73.1,242,166.4,232.7
2020-12-10 06:10:24,315.3,241.9,73.1,242,166.6,232.7
2020-12-10 06:10:54,314.5,242.0,73.2,242,166.4,232.8
2020-12-10 06:11:24,314.8,242.1,73.1,242,166.6,232.9
2020-12-10 06:11:54,314.5,242.1,73.0,242,166.4,232.8
2020-12-10 06:12:24,314.3,242.0,73.2,242,166.1,233.0
2020-12-10 06:12:54,313.8,242.0,73.4,242,165.9,233.2
2020-12-10 06:13:24,314.5,242.0,73.3,242,166.2,233.3
2020-12-10 06:13:54,314.8,242.0,73.2,242,166.3,233.0
2020-12-10 06:14:24,314.3,242.0,73.2,242,166.4,233.1
2020-12-10 06:14:54,314.9,242.0,73.3,242,166.3,233.2
2020-12-10 06:15:24,314.8,241.9,73.1,242,166.2,232.9
2020-12-10 06:15:54,314.1,242.1,73.4,242,166.1,233.3
2020-12-10 06:16:24,313.9,242.1,73.4,242,166.4,233.5
2020-12-10 06:16:54,313.9,242.2,73.4,242,166.0,233.5
2020-12-10 06:17:24,312.8,242.0,73.6,242,165.8,233.5
2020-12-10 06:17:54,313.6,242.1,73.5,242,165.8,233.4
2020-12-10 06:18:24,313.9,242.0,73.4,242,166.2,233.3
2020-12-10 06:18:54,313.6,242.0,73.4,242,166.0,233.3
2020-12-10 06:19:24,314.1,242.0,73.5,242,165.9,233.5
2020-12-10 06:19:54,314.3,242.0,73.5,242,166.1,233.4
2020-12-10 06:20:24,314.1,241.9,73.5,242,165.8,233.4
2020-12-10 06:20:54,313.6,242.1,73.5,242,166.1,233.2
2020-12-10 06:21:24,314.3,242.0,73.6,242,166.0,233.7
2020-12-10 06:21:54,313.8,242.1,73.6,242,166.1,233.5
2020-12-10 06:22:24,313.8,241.9,73.6,242,166.0,233.6
2020-12-10 06:22:54,314.1,242.0,73.5,242,166.1,233.4
2020-12-10 06:23:24,313.6,242.1,73.6,242,165.7,233.5
2020-12-10 06:23:54,312.6,242.0,73.9,242,165.5,233.9
2020-12-10 06:24:24,313.1,242.0,73.7,242,165.4,233.8
2020-12-10 06:24:54,313.4,242.0,73.8,242,165.6,233.7
2020-12-10 06:25:24,313.1,242.0,73.8,242,165.6,233.7
2020-12-10 06:25:54,313.6,242.0,73.8,242,165.7,233.8
2020-12-10 06:26:24,313.4,242.0,73.8,242,165.6,233.9
2020-12-10 06:26:54,313.2,242.1,73.9,242,165.7,234.2
2020-12-10 06:27:24,313.2,242.0,73.9,242,165.4,233.9
2020-12-10 06:27:54,312.9,242.0,74.0,242,165.4,234.1
2020-12-10 06:28:24,313.5,242.1,73.7,242,165.7,233.9
2020-12-10 06:28:54,312.9,242.0,73.8,242,165.7,233.8
2020-12-10 06:29:24,313.9,242.0,73.9,242,166.0,233.9
2020-12-10 06:29:54,313.1,242.0,74.0,242,165.2,234.2
2020-12-10 06:30:24,312.9,242.1,74.2,242,166.0,234.3
2020-12-10 06:30:54,312.3,241.9,74.0,242,165.0,234.1
2020-12-10 06:31:24,312.8,242.1,74.2,242,165.5,234.4
2020-12-10 06:31:54,312.9,241.9,74.1,242,165.1,234.4
2020-12-10 06:32:24,313.1,242.0,74.0,242,165.5,234.3
2020-12-10 06:32:54,312.3,242.0,74.2,242,165.0,234.4
2020-12-10 06:33:24,312.8,242.0,74.1,242,165.4,234.2
2020-12-10 06:33:54,313.0,242.1,74.0,242,165.5,234.3
2020-12-10 06:34:24,312.5,242.0,74.0,242,165.4,234.4
2020-12-10 06:34:54,311.6,242.0,74.2,242,165.2,234.3
2020-12-10 06:35:24,312.2,242.1,74.3,242,165.1,234.5
2020-12-10 06:35:54,312.2,242.0,74.4,242,165.1,234.8
2020-12-10 06:36:24,312.8,242.1,74.3,242,165.7,234.4
2020-12-10 06:36:54,312.5,242.1,74.4,242,165.2,234.5
2020-12-10 06:37:24,311.3,242.1,74.3,242,164.7,234.7
2020-12-10 06:37:54,312.0,242.0,74.3,242,165.1,234.9
2020-12-10 06:38:24,312.1,242.1,74.5,242,165.1,234.7
2020-12-10 06:38:54,311.2,242.1,74.4,242,164.6,234.7
2020-12-10 06:39:24,311.9,242.1,74.5,242,165.4,234.8
2020-12-10 06:39:54,312.2,242.1,74.4,242,165.2,234.6
2020-12-10 06:40:24,311.6,242.0,74.6,242,165.1,234.9
2020-12-10 06:40:54,312.1,242.0,74.5,242,164.7,234.9
2020-12-10 06:41:24,311.5,242.0,74.6,242,165.0,235.0
2020-12-10 06:41:54,312.0,242.0,74.6,242,165.1,235.1
2020-12-10 06:42:24,311.9,241.9,74.7,242,164.6,235.0
2020-12-10 06:42:54,311.7,242.0,74.7,242,164.6,235.1
2020-12-10 06:43:24,311.2,242.0,74.8,242,164.5,235.2
2020-12-10 06:43:54,311.4,242.0,74.8,242,164.4,235.3
2020-12-10 06:44:24,311.8,241.9,74.8,242,164.8,235.1
2020-12-10 06:44:54,311.9,242.0,74.7,242,165.0,235.1
2020-12-10 06:45:24,312.2,242.0,74.6,242,164.8,234.9
2020-12-10 06:45:54,311.7,241.9,74.8,242,164.4,235.1
2020-12-10 06:46:24,311.8,242.0,74.7,242,165.0,235.1
2020-12-10 06:46:54,311.3,242.0,75.0,242,164.4,235.4
2020-12-10 06:47:24,310.9,242.1,75.1,242,164.5,235.5
2020-12-10 06:47:54,311.6,241.9,74.9,242,164.5,235.3
2020-12-10 06:48:24,311.3,241.9,75.1,242,164.4,235.6
2020-12-10 06:48:54,311.3,242.0,75.0,242,164.5,235.4
2020-12-10 06:49:24,311.4,242.0,75.1,242,165.0,235.5
2020-12-10 06:49:54,311.1,242.0,75.4,242,164.5,235.9
2020-12-10 06:50:24,311.0,242.1,75.0,242,164.7,235.4
2020-12-10 06:50:54,311.0,242.0,75.2,242,164.7,235.7
2020-12-10 06:51:24,310.2,242.0,75.0,242,164.1,235.5
2020-12-10 06:51:54,310.2,242.1,75.1,242,164.3,235.6
2020-12-10 06:52:24,310.6,242.1,75.1,242,164.6,235.5
2020-12-10 06:52:54,310.8,242.0,74.9,242,164.2,235.4
2020-12-10 06:53:24,310.7,242.1,75.0,242,164.5,235.5
2020-12-10 06:53:54,311.5,242.0,75.0,242,164.6,235.5
2020-12-10 06:54:24,310.3,242.1,75.0,242,164.7,235.5
2020-12-10 06:54:54,310.3,242.0,75.2,242,164.1,235.7
2020-12-10 06:55:24,324.7,243.4,75.2,244,172.2,235.7
2020-12-10 06:55:54,315.9,243.1,75.1,243,167.7,235.6
2020-12-10 06:56:24,315.1,243.3,75.1,243,167.7,235.7
2020-12-10 06:56:54,315.7,243.2,75.1,243,167.7,235.6
2020-12-10 06:57:24,315.7,243.2,75.4,243,167.7,235.9
2020-12-10 06:57:54,314.6,243.1,75.3,243,167.6,235.9
2020-12-10 06:58:24,315.3,243.2,75.1,243,167.6,235.7
2020-12-10 06:58:54,315.5,243.1,75.3,243,167.6,235.9
2020-12-10 06:59:24,314.9,243.3,75.2,243,167.7,235.8
2020-12-10 06:59:54,315.6,243.1,75.1,243,167.5,235.6
2020-12-10 07:00:24,315.3,243.3,75.1,243,167.9,235.8
2020-12-10 07:00:54,315.1,243.1,75.3,243,167.5,236.1
2020-12-10 07:01:24,315.6,243.2,75.4,243,167.9,236.0
2020-12-10 07:01:54,315.9,243.2,75.4,243,167.5,236.0
2020-12-10 07:02:24,316.4,243.1,75.4,243,168.2,235.9
2020-12-10 07:02:54,314.9,243.2,75.3,243,167.6,235.8
2020-12-10 07:03:24,316.0,243.3,75.2,243,168.0,235.8
2020-12-10 07:03:54,315.4,243.2,75.5,243,167.7,236.1
2020-12-10 07:04:24,314.5,243.1,75.5,243,167.4,236.2
2020-12-10 07:04:54,314.7,243.2,75.4,243,167.2,236.1
2020-12-10 07:05:24,315.6,243.0,75.6,243,167.7,236.2
2020-12-10 07:05:54,315.4,243.2,75.6,243,167.6,236.2
2020-12-10 07:06:24,314.6,243.1,75.6,243,167.3,236.2
2020-12-10 07:06:54,314.8,243.1,75.7,243,167.0,236.4
2020-12-10 07:07:24,315.6,243.0,75.7,243,167.5,236.4
2020-12-10 07:07:54,314.1,243.1,75.8,243,166.9,236.5
2020-12-10 07:08:24,314.1,243.2,75.7,243,167.0,236.5
2020-12-10 07:08:54,313.9,243.1,75.9,243,167.0,236.7
2020-12-10 07:09:24,314.5,243.2,75.8,243,167.4,236.5
2020-12-10 07:09:54,314.5,243.3,75.8,243,167.4,236.6
2020-12-10 07:10:24,314.2,243.3,75.9,243,167.1,236.6
2020-12-10 07:10:54,314.2,243.1,76.0,243,166.7,236.8
2020-12-10 07:11:24,314.7,243.2,75.8,243,167.1,236.4
2020-12-10 07:11:54,314.1,243.2,75.9,243,167.0,236.7
2020-12-10 07:12:24,314.6,243.2,75.8,243,167.2,236.4
2020-12-10 07:12:54,314.2,243.0,75.8,243,166.9,236.6
2020-12-10 07:13:24,314.1,243.1,75.9,243,166.8,236.7
2020-12-10 07:13:54,314.3,243.1,75.8,243,166.9,236.5
2020-12-10 07:14:24,315.0,243.1,76.0,243,167.3,236.8
2020-12-10 07:14:54,313.9,243.1,76.2,243,166.6,237.0
2020-12-10 07:15:24,313.8,243.3,76.3,243,166.9,237.1
2020-12-10 07:15:54,314.9,243.1,76.2,243,167.0,237.0
2020-12-10 07:16:24,313.9,243.2,76.1,243,166.9,236.9
2020-12-10 07:16:54,313.9,243.1,76.2,243,166.6,237.2
2020-12-10 07:17:24,313.6,243.1,76.3,243,166.5,237.1
2020-12-10 07:17:54,313.6,243.1,76.1,243,166.8,237.1
2020-12-10 07:18:24,312.4,243.2,76.3,243,166.3,237.2
2020-12-10 07:18:54,313.6,243.1,76.2,243,166.5,237.1
2020-12-10 07:19:24,312.7,243.2,76.2,243,166.5,237.2
2020-12-10 07:19:54,314.1,243.1,76.4,243,166.7,237.4
2020-12-10 07:20:24,313.4,243.2,76.3,243,166.8,237.1
2020-12-10 07:20:54,313.5,243.2,76.4,243,166.7,237.4
2020-12-10 07:21:24,313.4,243.2,76.5,243,166.7,237.4
2020-12-10 07:21:54,313.9,243.2,76.3,243,166.4,237.3
2020-12-10 07:22:24,313.8,243.1,76.5,243,167.0,237.4
2020-12-10 07:22:54,313.0,243.2,76.7,243,166.1,237.7
2020-12-10 07:23:24,321.7,243.0,76.5,244,169.2,237.5
2020-12-10 07:23:54,316.4,244.0,76.7,244,168.7,237.8
2020-12-10 07:24:24,316.8,244.1,76.6,244,169.0,237.6
2020-12-10 07:24:54,316.0,244.1,76.7,244,168.9,237.6
2020-12-10 07:25:24,316.4,244.0,76.7,244,168.8,237.6
2020-12-10 07:25:54,316.0,244.1,76.7,244,168.6,237.7
2020-12-10 07:26:24,316.3,244.0,76.7,244,168.5,237.7
2020-12-10 07:26:54,316.0,244.1,76.7,244,168.5,237.9
2020-12-10 07:27:24,316.4,244.0,76.9,244,168.7,237.9
2020-12-10 07:27:54,315.7,244.1,77.0,244,168.6,238.1
2020-12-10 07:28:24,316.4,244.1,76.8,244,168.8,237.9
2020-12-10 07:28:54,317.2,243.9,76.8,244,168.9,237.9
2020-12-10 07:29:24,316.0,243.9,77.0,244,168.4,238.1
2020-12-10 07:29:54,315.9,244.1,77.0,244,168.5,238.0
2020-12-10 07:30:24,316.1,244.0,77.0,244,168.3,238.1
2020-12-10 07:30:54,316.4,244.0,76.9,244,168.5,238.1
2020-12-10 07:31:24,316.3,244.0,76.9,244,168.8,238.1
2020-12-10 07:31:54,316.2,244.0,77.1,244,168.2,238.2
2020-12-10 07:32:24,316.4,244.0,77.0,244,168.5,238.2
2020-12-10 07:32:54,315.8,244.0,76.9,244,168.7,238.1
2020-12-10 07:33:24,316.2,244.0,77.3,244,168.5,238.5
2020-12-10 07:33:54,316.1,244.1,77.1,244,168.7,238.2
2020-12-10 07:34:24,315.4,244.0,77.1,244,168.1,238.1
2020-12-10 07:34:54,315.1,244.1,77.1,244,168.1,238.2
2020-12-10 07:35:24,316.4,244.1,77.1,244,168.6,238.2
2020-12-10 07:35:54,315.5,244.1,77.2,244,168.0,238.5
2020-12-10 07:36:24,315.4,244.0,77.2,244,167.9,238.4
2020-12-10 07:36:54,316.0,244.1,77.1,244,168.4,238.3
2020-12-10 07:37:24,314.6,244.0,77.2,244,167.8,238.4
2020-12-10 07:37:54,315.2,244.0,77.4,244,168.3,238.6
2020-12-10 07:38:24,315.3,244.1,77.3,244,168.3,238.7
2020-12-10 07:38:54,315.9,244.0,77.2,244,168.3,238.5
2020-12-10 07:39:24,315.5,244.0,77.2,244,168.2,238.5
2020-12-10 07:39:54,315.3,244.0,77.5,244,168.0,238.8
2020-12-10 07:40:24,315.6,244.0,77.3,244,168.1,238.6
2020-12-10 07:40:54,315.3,244.1,77.3,244,168.3,238.5
2020-12-10 07:41:24,323.6,245.9,77.5,246,174.2,238.8
2020-12-10 07:41:54,324.0,246.0,77.5,246,174.4,238.7
2020-12-10 07:42:24,323.1,246.0,77.6,246,173.7,238.9
2020-12-10 07:42:54,323.6,246.1,77.7,246,174.3,239.0
2020-12-10 07:43:24,323.7,245.9,77.7,246,173.9,238.9
2020-12-10 07:43:54,323.2,246.0,77.6,246,174.0,239.1
2020-12-10 07:44:24,323.6,246.0,77.7,246,173.9,239.2
2020-12-10 07:44:54,323.6,246.0,77.8,246,174.0,239.0
2020-12-10 07:45:24,323.2,246.0,77.8,246,174.0,239.1
2020-12-10 07:45:54,323.8,246.0,77.9,246,173.9,239.3
2020-12-10 07:46:24,323.8,245.9,77.8,246,173.8,239.2
2020-12-10 07:46:54,322.9,246.0,78.0,246,173.5,239.5
2020-12-10 07:47:24,323.2,246.0,77.8,246,173.8,239.1
2020-12-10 07:47:54,323.6,245.9,77.8,246,174.0,239.1
2020-12-10 07:48:24,323.0,246.0,78.1,246,174.0,239.4
2020-12-10 07:48:54,323.1,246.0,78.1,246,173.5,239.3
2020-12-10 07:49:24,322.6,246.1,78.2,246,173.4,239.5
2020-12-10 07:49:54,322.4,246.0,78.0,246,173.2,239.5
2020-12-10 07:50:24,323.2,246.0,78.0,246,173.7,239.6
2020-12-10 07:50:54,322.5,246.0,78.0,246,173.5,239.6
2020-12-10 07:51:24,322.2,246.0,78.1,246,173.7,239.6
2020-12-10 07:51:54,322.8,246.1,78.2,246,173.2,239.5
2020-12-10 07:52:24,322.9,246.0,78.1,246,173.4,239.6
2020-12-10 07:52:54,322.5,246.0,78.2,246,173.3,239.6
2020-12-10 07:53:24,321.8,246.1,78.0,246,173.4,239.5
2020-12-10 07:53:54,321.8,245.9,78.3,246,172.9,240.0
2020-12-10 07:54:24,322.3,246.0,78.2,246,173.4,239.8
2020-12-10 07:54:54,321.4,246.0,78.3,246,172.8,239.8
2020-12-10 07:55:24,321.7,246.0,78.4,246,173.3,240.0
2020-12-10 07:55:54,321.8,246.0,78.3,246,173.0,239.8
2020-12-10 07:56:24,322.2,246.0,78.3,246,173.0,239.8
2020-12-10 07:56:54,322.0,245.9,78.4,246,172.9,239.9
2020-12-10 07:57:24,321.9,246.0,78.2,246,172.9,240.0
2020-12-10 07:57:54,322.1,246.0,78.5,246,173.1,239.9
2020-12-10 07:58:24,321.0,246.0,78.7,246,173.0,240.2
2020-12-10 07:58:54,322.2,245.9,78.4,246,172.9,239.9
2020-12-10 07:59:24,321.1,246.0,78.5,246,172.5,239.9
2020-12-10 07:59:54,321.7,246.1,78.5,246,172.9,240.0
2020-12-10 08:00:24,320.7,246.1,78.5,246,172.4,240.2
2020-12-10 08:00:54,321.2,245.9,78.6,246,172.6,240.2
2020-12-10 08:01:24,330.8,248.2,78.8,248,179.7,240.5
2020-12-10 08:01:54,331.1,248.2,78.8,248,179.7,240.4
2020-12-10 08:02:24,330.5,248.2,79.0,248,179.3,240.7
2020-12-10 08:02:54,329.8,248.3,79.0,248,179.4,240.9
2020-12-10 08:03:24,330.3,248.2,78.9,248,179.7,240.6
2020-12-10 08:03:54,332.1,248.2,78.8,248,180.4,240.5
2020-12-10 08:04:24,330.8,248.1,79.1,248,179.7,240.8
2020-12-10 08:04:54,330.1,248.2,79.1,248,179.3,240.6
2020-12-10 08:05:24,329.7,248.2,79.1,248,179.0,240.8
2020-12-10 08:05:54,330.5,248.2,79.2,248,179.4,240.7
2020-12-10 08:06:24,329.8,248.3,79.2,248,179.4,240.9
2020-12-10 08:06:54,329.8,248.3,79.1,248,179.3,240.8
2020-12-10 08:07:24,330.3,248.2,79.2,248,179.4,241.0
2020-12-10 08:07:54,329.7,248.2,79.2,248,178.6,241.1
2020-12-10 08:08:24,328.8,248.2,79.3,248,178.4,241.2
2020-12-10 08:08:54,330.1,248.2,79.3,248,179.0,240.9
2020-12-10 08:09:24,330.3,248.3,79.2,248,179.3,241.0
2020-12-10 08:09:54,329.7,248.3,79.3,248,179.1,241.1
2020-12-10 08:10:24,330.1,248.3,79.4,248,179.1,241.3
2020-12-10 08:10:54,329.8,248.3,79.3,248,179.1,241.3
2020-12-10 08:11:24,329.4,248.1,79.4,248,178.7,241.3
2020-12-10 08:11:54,328.8,248.4,79.4,248,179.1,241.3
2020-12-10 08:12:24,329.7,248.2,79.4,248,179.0,241.2
2020-12-10 08:12:54,329.0,248.2,79.4,248,178.7,241.4
2020-12-10 08:13:24,329.1,248.2,79.3,248,178.9,241.3
2020-12-10 08:13:54,329.3,248.3,79.4,248,178.9,241.4
2020-12-10 08:14:24,329.8,248.2,79.3,248,179.0,241.3
2020-12-10 08:14:54,329.7,248.2,79.4,248,178.6,241.3
2020-12-10 08:15:24,329.3,248.2,79.5,248,178.7,241.4
2020-12-10 08:15:54,330.5,248.2,79.4,248,179.4,241.1
2020-12-10 08:16:24,329.0,248.2,79.5,248,178.6,241.6
2020-12-10 08:16:54,328.6,248.3,79.5,248,178.5,241.5
2020-12-10 08:17:24,330.1,248.2,79.6,248,179.0,241.5
2020-12-10 08:17:54,329.2,248.2,79.6,248,178.7,241.6
2020-12-10 08:18:24,328.3,248.3,79.8,248,178.4,241.7
2020-12-10 08:18:54,329.5,248.3,79.5,248,179.2,241.7
2020-12-10 08:19:24,328.7,248.2,79.5,248,178.7,241.5
2020-12-10 08:19:54,328.9,248.3,79.7,248,178.9,242.0