时间,电机温度1,出口温度,散热片温度,电机温度2,进口温度
2020-12-10 00:00:24,42.5,93.7,53,67.2,24.7
2020-12-10 00:00:54,42.5,93.7,53,67.3,24.7
2020-12-10 00:01:24,42.6,93.7,53,67.4,24.7
2020-12-10 00:01:54,42.7,93.7,53,67.4,24.8
2020-12-10 00:02:24,42.6,93.7,53,67.5,24.7
2020-12-10 00:02:54,42.7,93.8,53,67.6,24.8
2020-12-10 00:03:24,42.6,93.8,53,67.6,24.8
2020-12-10 00:03:54,42.8,94.0,53,67.7,25.0
2020-12-10 00:04:24,42.9,94.1,53,67.8,25.1
2020-12-10 00:04:54,42.9,94.0,53,67.8,25.1
2020-12-10 00:05:24,42.8,91.5,53,67.9,25.3
2020-12-10 00:05:54,42.7,88.3,53,67.8,25.4
2020-12-10 00:06:24,42.5,85.3,52,67.7,25.6
2020-12-10 00:06:54,42.3,82.4,52,67.5,25.9
2020-12-10 00:07:24,42.1,80.4,51,67.2,26.1
2020-12-10 00:07:54,41.9,79.5,50,66.8,26.3
2020-12-10 00:08:24,41.7,79.2,50,66.5,26.4
2020-12-10 00:08:54,41.6,78.6,49,66.2,26.3
2020-12-10 00:09:24,41.4,78.4,48,65.8,26.3
2020-12-10 00:09:54,41.3,78.2,48,65.5,26.3
2020-12-10 00:10:24,41.2,78.1,47,65.2,26.2
2020-12-10 00:10:54,41.0,77.9,47,64.9,26.2
2020-12-10 00:11:24,40.9,77.6,47,64.7,26.2
2020-12-10 00:11:54,40.8,77.5,46,64.4,26.2
2020-12-10 00:12:24,40.6,77.3,46,64.2,26.1
2020-12-10 00:12:54,40.5,77.2,46,63.9,26.0
2020-12-10 00:13:24,40.4,77.2,45,63.7,26.0
2020-12-10 00:13:54,40.3,77.0,45,63.5,26.0
2020-12-10 00:14:24,40.2,76.8,45,63.3,26.0
2020-12-10 00:14:54,40.1,76.8,45,63.1,26.0
2020-12-10 00:15:24,40.1,76.7,44,62.9,26.0
2020-12-10 00:15:54,39.9,76.6,44,62.8,25.9
2020-12-10 00:16:24,39.8,76.6,44,62.6,25.9
2020-12-10 00:16:54,39.7,76.5,44,62.4,25.8
2020-12-10 00:17:24,39.6,76.5,44,62.2,25.8
2020-12-10 00:17:54,39.5,76.5,43,62.1,25.8
2020-12-10 00:18:24,39.5,76.4,43,62.0,25.8
2020-12-10 00:18:54,39.4,76.4,43,61.8,25.8
2020-12-10 00:19:24,39.3,76.4,43,61.7,25.8
2020-12-10 00:19:54,39.2,76.3,43,61.6,25.8
2020-12-10 00:20:24,39.2,76.3,43,61.4,25.7
2020-12-10 00:20:54,39.1,76.2,43,61.3,25.7
2020-12-10 00:21:24,39.0,76.2,43,61.2,25.6
2020-12-10 00:21:54,39.0,76.2,43,61.1,25.6
2020-12-10 00:22:24,39.0,76.2,42,61.0,25.6
2020-12-10 00:22:54,38.9,76.1,42,60.9,25.6
2020-12-10 00:23:24,38.8,76.2,42,60.8,25.6
2020-12-10 00:23:54,38.7,76.2,42,60.7,25.6
2020-12-10 00:24:24,38.8,76.1,42,60.6,25.6
2020-12-10 00:24:54,38.7,76.1,42,60.5,25.6
2020-12-10 00:25:24,38.6,76.1,42,60.4,25.6
2020-12-10 00:25:54,38.6,76.1,42,60.3,25.5
2020-12-10 00:26:24,38.6,76.1,42,60.2,25.6
2020-12-10 00:26:54,38.5,76.1,42,60.2,25.6
2020-12-10 00:27:24,38.5,76.1,42,60.1,25.6
2020-12-10 00:27:54,38.4,76.1,42,60.0,25.6
2020-12-10 00:28:24,38.3,76.0,42,59.9,25.5
2020-12-10 00:28:54,38.3,76.0,42,59.8,25.5
2020-12-10 00:29:24,38.3,76.0,42,59.8,25.5
2020-12-10 00:29:54,38.2,76.1,42,59.7,25.4
2020-12-10 00:30:24,38.2,76.1,42,59.6,25.4
2020-12-10 00:30:54,38.2,76.0,41,59.6,25.4
2020-12-10 00:31:24,38.1,75.9,41,59.5,25.4
2020-12-10 00:31:54,38.0,75.9,41,59.4,25.3
2020-12-10 00:32:24,38.0,75.9,41,59.4,25.3
2020-12-10 00:32:54,37.9,75.9,41,59.3,25.3
2020-12-10 00:33:24,37.9,75.9,41,59.3,25.3
2020-12-10 00:33:54,37.9,75.9,41,59.1,25.3
2020-12-10 00:34:24,37.8,75.9,41,59.1,25.4
2020-12-10 00:34:54,37.8,76.0,41,59.0,25.4
2020-12-10 00:35:24,37.8,76.0,41,59.0,25.4
2020-12-10 00:35:54,37.7,75.9,41,58.9,25.4
2020-12-10 00:36:24,37.7,76.0,41,58.9,25.4
2020-12-10 00:36:54,37.8,75.9,41,58.8,25.3
2020-12-10 00:37:24,37.7,76.0,41,58.8,25.3
2020-12-10 00:37:54,37.7,75.9,41,58.7,25.3
2020-12-10 00:38:24,37.7,76.0,41,58.7,25.3
2020-12-10 00:38:54,37.6,76.0,41,58.6,25.2
2020-12-10 00:39:24,37.7,76.0,41,58.6,25.2
2020-12-10 00:39:54,37.6,76.0,41,58.6,25.2
2020-12-10 00:40:24,37.6,76.0,41,58.5,25.2
2020-12-10 00:40:54,37.6,76.0,41,58.5,25.2
2020-12-10 00:41:24,37.6,76.0,41,58.4,25.2
2020-12-10 00:41:54,37.5,76.0,41,58.4,25.2
2020-12-10 00:42:24,37.5,76.0,41,58.3,25.2
2020-12-10 00:42:54,37.5,76.0,41,58.3,25.2
2020-12-10 00:43:24,37.5,76.0,41,58.3,25.2
2020-12-10 00:43:54,37.4,76.1,41,58.2,25.2
2020-12-10 00:44:24,37.4,76.0,41,58.2,25.2
2020-12-10 00:44:54,37.4,76.0,41,58.2,25.2
2020-12-10 00:45:24,37.4,76.0,41,58.1,25.2
2020-12-10 00:45:54,37.3,76.0,41,58.1,25.2
2020-12-10 00:46:24,37.4,76.0,41,58.1,25.1
2020-12-10 00:46:54,37.4,76.0,41,58.0,25.2
2020-12-10 00:47:24,37.3,76.1,41,58.0,25.2
2020-12-10 00:47:54,37.3,76.1,41,58.0,25.2
2020-12-10 00:48:24,37.3,76.1,41,57.9,25.1
2020-12-10 00:48:54,37.3,76.1,41,57.9,25.2
2020-12-10 00:49:24,37.3,76.1,41,57.9,25.2
2020-12-10 00:49:54,37.2,76.2,41,57.9,25.3
2020-12-10 00:50:24,37.3,76.2,41,57.8,25.3
2020-12-10 00:50:54,37.3,76.2,41,57.8,25.3
2020-12-10 00:51:24,37.2,76.2,41,57.8,25.3
2020-12-10 00:51:54,37.2,76.2,41,57.8,25.3
2020-12-10 00:52:24,37.3,76.2,41,57.8,25.2
2020-12-10 00:52:54,37.2,76.3,41,57.7,25.3
2020-12-10 00:53:24,37.2,76.3,40,57.7,25.3
2020-12-10 00:53:54,37.2,76.3,40,57.7,25.3
2020-12-10 00:54:24,37.2,76.3,40,57.7,25.3
2020-12-10 00:54:54,37.2,76.3,40,57.7,25.3
2020-12-10 00:55:24,37.2,76.2,40,57.7,25.3
2020-12-10 00:55:54,37.2,76.3,40,57.6,25.3
2020-12-10 00:56:24,37.2,76.3,40,57.6,25.2
2020-12-10 00:56:54,37.2,76.3,40,57.6,25.2
2020-12-10 00:57:24,37.2,76.3,40,57.6,25.2
2020-12-10 00:57:54,37.2,76.4,40,57.6,25.3
2020-12-10 00:58:24,37.2,76.3,40,57.6,25.4
2020-12-10 00:58:54,37.2,76.3,40,57.5,25.3
2020-12-10 00:59:24,37.2,76.4,40,57.5,25.3
2020-12-10 00:59:54,37.1,76.4,40,57.5,25.3
2020-12-10 01:00:24,37.1,76.4,40,57.5,25.3
2020-12-10 01:00:54,37.1,76.4,40,57.5,25.4
2020-12-10 01:01:24,37.0,76.5,40,57.5,25.4
2020-12-10 01:01:54,37.1,76.5,40,57.4,25.3
2020-12-10 01:02:24,37.1,76.5,40,57.4,25.3
2020-12-10 01:02:54,37.1,76.7,40,57.4,25.3
2020-12-10 01:03:24,37.1,76.8,40,57.4,25.3
2020-12-10 01:03:54,37.2,76.8,41,57.4,25.3
2020-12-10 01:04:24,37.1,76.8,41,57.4,25.3
2020-12-10 01:04:54,37.1,76.8,41,57.4,25.3
2020-12-10 01:05:24,37.1,76.9,41,57.4,25.3
2020-12-10 01:05:54,37.2,76.9,41,57.4,25.3
2020-12-10 01:06:24,37.1,76.9,41,57.4,25.3
2020-12-10 01:06:54,37.1,76.9,41,57.4,25.3
2020-12-10 01:07:24,37.1,76.9,41,57.4,25.2
2020-12-10 01:07:54,37.1,76.9,41,57.4,25.2
2020-12-10 01:08:24,37.2,77.0,41,57.4,25.2
2020-12-10 01:08:54,37.2,77.0,41,57.5,25.2
2020-12-10 01:09:24,37.2,77.0,41,57.5,25.2
2020-12-10 01:09:54,37.1,77.0,41,57.5,25.2
2020-12-10 01:10:24,37.2,77.0,41,57.5,25.2
2020-12-10 01:10:54,37.2,77.0,41,57.4,25.2
2020-12-10 01:11:24,37.2,77.0,41,57.5,25.2
2020-12-10 01:11:54,37.1,77.0,41,57.5,25.2
2020-12-10 01:12:24,37.1,76.9,41,57.5,25.2
2020-12-10 01:12:54,37.1,77.0,41,57.5,25.2
2020-12-10 01:13:24,37.1,77.0,41,57.4,25.2
2020-12-10 01:13:54,37.0,76.8,41,57.4,25.1
2020-12-10 01:14:24,37.1,76.9,41,57.4,25.2
2020-12-10 01:14:54,37.1,76.9,41,57.4,25.2
2020-12-10 01:15:24,37.0,76.9,41,57.4,25.2
2020-12-10 01:15:54,37.1,76.8,41,57.4,25.1
2020-12-10 01:16:24,37.1,76.8,41,57.4,25.1
2020-12-10 01:16:54,37.1,76.8,41,57.4,25.1
2020-12-10 01:17:24,37.1,76.8,41,57.4,25.1
2020-12-10 01:17:54,37.0,76.8,41,57.4,25.1
2020-12-10 01:18:24,37.0,76.8,41,57.4,25.2
2020-12-10 01:18:54,37.1,76.8,41,57.4,25.1
2020-12-10 01:19:24,37.1,76.8,41,57.4,25.2
2020-12-10 01:19:54,37.1,76.8,41,57.4,25.1
2020-12-10 01:20:24,37.0,76.8,41,57.4,25.1
2020-12-10 01:20:54,37.0,76.8,41,57.4,25.2
2020-12-10 01:21:24,37.1,76.8,41,57.4,25.1
2020-12-10 01:21:54,37.0,76.8,41,57.4,25.1
2020-12-10 01:22:24,37.1,76.8,41,57.4,25.1
2020-12-10 01:22:54,37.1,76.8,41,57.4,25.1
2020-12-10 01:23:24,37.0,76.8,41,57.4,25.1
2020-12-10 01:23:54,37.1,76.8,41,57.4,25.1
2020-12-10 01:24:24,37.1,76.8,41,57.4,25.1
2020-12-10 01:24:54,37.0,76.8,41,57.4,25.2
2020-12-10 01:25:24,37.0,76.8,41,57.4,25.2
2020-12-10 01:25:54,37.1,76.8,41,57.4,25.2
2020-12-10 01:26:24,37.1,76.8,41,57.4,25.2
2020-12-10 01:26:54,37.1,76.8,41,57.4,25.2
2020-12-10 01:27:24,37.1,76.8,41,57.4,25.2
2020-12-10 01:27:54,37.0,76.8,41,57.4,25.2
2020-12-10 01:28:24,37.0,76.8,41,57.4,25.2
2020-12-10 01:28:54,37.0,76.9,41,57.4,25.1
2020-12-10 01:29:24,37.0,76.9,41,57.4,25.1
2020-12-10 01:29:54,37.0,76.9,41,57.4,25.1
2020-12-10 01:30:24,37.0,76.9,41,57.4,25.1
2020-12-10 01:30:54,37.0,76.9,41,57.4,25.1
2020-12-10 01:31:24,37.0,76.9,41,57.4,25.1
2020-12-10 01:31:54,37.0,76.9,41,57.3,25.1
2020-12-10 01:32:24,37.0,76.9,41,57.3,25.1
2020-12-10 01:32:54,37.0,76.9,41,57.3,25.1
2020-12-10 01:33:24,37.0,76.9,41,57.3,25.2
2020-12-10 01:33:54,37.0,76.9,41,57.3,25.2
2020-12-10 01:34:24,37.0,76.9,41,57.3,25.1
2020-12-10 01:34:54,37.0,77.0,41,57.3,25.1
2020-12-10 01:35:24,37.0,77.0,41,57.3,25.1
2020-12-10 01:35:54,37.0,77.0,41,57.3,25.1
2020-12-10 01:36:24,37.0,76.9,41,57.3,25.0
2020-12-10 01:36:54,37.0,76.9,41,57.3,25.1
2020-12-10 01:37:24,37.0,77.0,41,57.3,25.1
2020-12-10 01:37:54,37.0,77.0,41,57.3,25.2
2020-12-10 01:38:24,37.0,77.0,41,57.3,25.1
2020-12-10 01:38:54,37.0,77.0,41,57.3,25.1
2020-12-10 01:39:24,37.0,77.0,41,57.3,25.1
2020-12-10 01:39:54,37.0,77.0,41,57.3,25.1
2020-12-10 01:40:24,37.0,77.0,41,57.3,25.1
2020-12-10 01:40:54,37.0,77.0,41,57.3,25.0
2020-12-10 01:41:24,37.0,77.0,41,57.3,25.0
2020-12-10 01:41:54,36.9,77.0,41,57.3,25.0
2020-12-10 01:42:24,36.9,77.0,41,57.3,25.0
2020-12-10 01:42:54,36.9,77.0,41,57.3,25.1
2020-12-10 01:43:24,36.9,77.0,41,57.3,25.0
2020-12-10 01:43:54,36.9,77.0,41,57.3,25.0
2020-12-10 01:44:24,36.9,77.0,41,57.3,25.1
2020-12-10 01:44:54,36.9,77.0,41,57.3,25.1
2020-12-10 01:45:24,36.9,77.0,41,57.2,25.1
2020-12-10 01:45:54,36.9,77.0,41,57.2,25.0
2020-12-10 01:46:24,36.8,77.1,41,57.2,25.0
2020-12-10 01:46:54,36.9,77.1,41,57.2,25.0
2020-12-10 01:47:24,36.8,77.1,41,57.2,25.0
2020-12-10 01:47:54,36.8,77.0,41,57.2,24.9
2020-12-10 01:48:24,36.9,77.0,41,57.2,25.0
2020-12-10 01:48:54,36.8,77.0,41,57.2,24.9
2020-12-10 01:49:24,36.8,77.0,41,57.2,24.9
2020-12-10 01:49:54,36.8,77.0,41,57.2,24.9
2020-12-10 01:50:24,36.8,77.0,41,57.2,24.9
2020-12-10 01:50:54,36.8,77.0,41,57.2,24.9
2020-12-10 01:51:24,36.8,77.0,41,57.2,24.9
2020-12-10 01:51:54,36.8,77.0,41,57.2,24.9
2020-12-10 01:52:24,36.8,77.0,41,57.2,24.9
2020-12-10 01:52:54,36.7,77.0,41,57.2,24.8
2020-12-10 01:53:24,36.8,77.0,40,57.2,24.9
2020-12-10 01:53:54,36.8,77.0,40,57.1,24.8
2020-12-10 01:54:24,36.7,77.0,40,57.1,24.8
2020-12-10 01:54:54,36.7,77.0,40,57.1,24.8
2020-12-10 01:55:24,36.8,77.0,40,57.1,24.9
2020-12-10 01:55:54,36.7,77.0,40,57.1,24.8
2020-12-10 01:56:24,36.8,77.0,40,57.1,24.8
2020-12-10 01:56:54,36.7,77.0,40,57.1,24.8
2020-12-10 01:57:24,36.7,77.0,40,57.1,24.8
2020-12-10 01:57:54,36.7,77.1,40,57.1,24.8
2020-12-10 01:58:24,36.7,77.1,40,57.1,24.8
2020-12-10 01:58:54,36.7,77.1,40,57.1,24.9
2020-12-10 01:59:24,36.6,77.1,40,57.1,24.9
2020-12-10 01:59:54,36.7,77.1,40,57.1,24.8
2020-12-10 02:00:24,36.7,77.1,40,57.1,24.8
2020-12-10 02:00:54,36.6,77.1,40,57.0,24.8
2020-12-10 02:01:24,36.6,77.0,40,57.0,24.8
2020-12-10 02:01:54,36.6,77.0,40,57.0,24.8
2020-12-10 02:02:24,36.6,77.0,40,57.0,24.7
2020-12-10 02:02:54,36.6,77.1,40,57.0,24.7
2020-12-10 02:03:24,36.6,77.1,40,57.0,24.8
2020-12-10 02:03:54,36.6,77.1,40,57.0,24.8
2020-12-10 02:04:24,36.6,77.1,40,57.0,24.8
2020-12-10 02:04:54,36.6,77.1,40,57.0,24.8
2020-12-10 02:05:24,36.7,77.2,40,57.0,24.8
2020-12-10 02:05:54,36.6,77.2,40,57.0,24.8
2020-12-10 02:06:24,36.6,77.2,40,57.0,24.8
2020-12-10 02:06:54,36.6,77.2,40,57.0,24.8
2020-12-10 02:07:24,36.6,77.2,40,57.0,24.8
2020-12-10 02:07:54,36.6,77.2,40,57.0,24.8
2020-12-10 02:08:24,36.6,77.2,40,57.0,24.9
2020-12-10 02:08:54,36.6,77.3,40,57.0,24.8
2020-12-10 02:09:24,36.5,77.3,40,57.0,24.8
2020-12-10 02:09:54,36.6,77.3,40,57.0,24.9
2020-12-10 02:10:24,36.6,77.3,40,57.0,24.8
2020-12-10 02:10:54,36.5,77.3,40,56.9,24.8
2020-12-10 02:11:24,36.6,77.3,40,56.9,24.8
2020-12-10 02:11:54,36.6,77.3,40,56.9,24.8
2020-12-10 02:12:24,36.6,77.2,40,56.9,24.8
2020-12-10 02:12:54,36.5,77.3,40,56.9,24.8
2020-12-10 02:13:24,36.6,77.3,40,56.9,24.8
2020-12-10 02:13:54,36.6,77.3,40,56.9,24.8
2020-12-10 02:14:24,36.6,77.3,40,56.9,24.8
2020-12-10 02:14:54,36.6,77.3,40,56.9,24.8
2020-12-10 02:15:24,36.5,77.3,40,56.9,24.8
2020-12-10 02:15:54,36.6,77.3,40,56.9,24.8
2020-12-10 02:16:24,36.6,77.3,40,56.9,24.8
2020-12-10 02:16:54,36.6,77.4,40,56.9,24.8
2020-12-10 02:17:24,36.6,77.3,40,56.9,24.8
2020-12-10 02:17:54,36.6,77.4,40,56.9,24.8
2020-12-10 02:18:24,36.5,77.4,40,56.9,24.8
2020-12-10 02:18:54,36.5,77.4,40,56.9,24.8
2020-12-10 02:19:24,36.5,77.4,40,56.9,24.8
2020-12-10 02:19:54,36.5,77.4,40,56.9,24.8
2020-12-10 02:20:24,36.5,77.5,40,56.8,24.8
2020-12-10 02:20:54,36.6,77.6,40,56.8,24.8
2020-12-10 02:21:24,36.5,77.7,40,56.8,24.8
2020-12-10 02:21:54,36.5,77.7,40,56.8,24.7
2020-12-10 02:22:24,36.5,77.7,40,56.9,24.7
2020-12-10 02:22:54,36.5,77.7,40,56.9,24.8
2020-12-10 02:23:24,36.5,77.7,40,56.9,24.8
2020-12-10 02:23:54,36.5,77.7,40,56.9,24.8
2020-12-10 02:24:24,36.6,77.8,40,56.9,24.9
2020-12-10 02:24:54,36.6,77.8,40,56.9,24.9
2020-12-10 02:25:24,36.6,77.8,40,56.9,24.9
2020-12-10 02:25:54,36.5,77.7,40,56.9,24.8
2020-12-10 02:26:24,36.4,77.7,40,56.9,24.7
2020-12-10 02:26:54,36.4,77.7,40,56.9,24.7
2020-12-10 02:27:24,36.4,77.7,40,56.9,24.7
2020-12-10 02:27:54,36.4,77.7,40,56.9,24.7
2020-12-10 02:28:24,36.5,77.7,40,56.9,24.6
2020-12-10 02:28:54,36.4,77.6,40,56.9,24.6
2020-12-10 02:29:24,36.4,77.7,40,56.9,24.6
2020-12-10 02:29:54,36.4,77.7,40,56.8,24.6
2020-12-10 02:30:24,36.4,77.7,40,56.8,24.6
2020-12-10 02:30:54,36.4,77.7,40,56.8,24.6
2020-12-10 02:31:24,36.4,77.6,40,56.8,24.6
2020-12-10 02:31:54,36.4,77.7,40,56.8,24.7
2020-12-10 02:32:24,36.3,77.6,40,56.8,24.5
2020-12-10 02:32:54,36.4,77.7,40,56.8,24.5
2020-12-10 02:33:24,36.4,77.7,40,56.8,24.5
2020-12-10 02:33:54,36.4,77.7,40,56.8,24.5
2020-12-10 02:34:24,36.3,77.7,40,56.8,24.5
2020-12-10 02:34:54,36.4,77.7,40,56.8,24.5
2020-12-10 02:35:24,36.3,77.7,40,56.8,24.5
2020-12-10 02:35:54,36.3,77.7,40,56.8,24.6
2020-12-10 02:36:24,36.3,77.7,40,56.8,24.5
2020-12-10 02:36:54,36.3,77.7,40,56.7,24.5
2020-12-10 02:37:24,36.3,77.7,40,56.7,24.6
2020-12-10 02:37:54,36.2,77.7,40,56.7,24.5
2020-12-10 02:38:24,36.2,77.7,40,56.7,24.5
2020-12-10 02:38:54,36.3,77.7,40,56.7,24.5
2020-12-10 02:39:24,36.3,77.7,40,56.7,24.4
2020-12-10 02:39:54,36.3,77.7,40,56.7,24.4
2020-12-10 02:40:24,36.2,77.8,40,56.7,24.4
2020-12-10 02:40:54,36.2,77.8,40,56.7,24.4
2020-12-10 02:41:24,36.2,77.7,39,56.7,24.4
2020-12-10 02:41:54,36.3,77.7,39,56.7,24.4
2020-12-10 02:42:24,36.2,77.7,39,56.7,24.4
2020-12-10 02:42:54,36.2,77.8,39,56.7,24.4
2020-12-10 02:43:24,36.2,77.8,39,56.7,24.4
2020-12-10 02:43:54,36.2,77.8,39,56.6,24.4
2020-12-10 02:44:24,36.2,77.9,39,56.7,24.4
2020-12-10 02:44:54,36.1,77.8,39,56.6,24.4
2020-12-10 02:45:24,36.2,77.8,39,56.6,24.5
2020-12-10 02:45:54,36.2,77.8,39,56.6,24.5
2020-12-10 02:46:24,36.1,77.8,39,56.6,24.5
2020-12-10 02:46:54,36.2,77.9,39,56.6,24.5
2020-12-10 02:47:24,36.1,77.9,39,56.6,24.5
2020-12-10 02:47:54,36.2,78.1,39,56.6,24.4
2020-12-10 02:48:24,36.2,78.2,39,56.6,24.4
2020-12-10 02:48:54,36.1,78.2,39,56.6,24.4
2020-12-10 02:49:24,36.2,78.2,39,56.6,24.4
2020-12-10 02:49:54,36.1,78.2,39,56.6,24.4
2020-12-10 02:50:24,36.1,78.2,39,56.6,24.3
2020-12-10 02:50:54,36.1,78.2,39,56.6,24.3
2020-12-10 02:51:24,36.1,78.2,40,56.6,24.3
2020-12-10 02:51:54,36.1,78.3,40,56.6,24.3
2020-12-10 02:52:24,36.1,78.3,40,56.6,24.3
2020-12-10 02:52:54,36.2,78.3,40,56.6,24.3
2020-12-10 02:53:24,36.2,78.3,40,56.6,24.2
2020-12-10 02:53:54,36.2,78.2,40,56.7,24.3
2020-12-10 02:54:24,36.1,78.2,40,56.7,24.3
2020-12-10 02:54:54,36.1,78.3,40,56.7,24.3
2020-12-10 02:55:24,36.2,78.5,40,56.7,24.3
2020-12-10 02:55:54,36.2,78.7,40,56.7,24.3
2020-12-10 02:56:24,36.2,78.8,40,56.7,24.2
2020-12-10 02:56:54,36.3,79.0,40,56.7,24.2
2020-12-10 02:57:24,36.3,79.0,40,56.8,24.3
2020-12-10 02:57:54,36.1,78.9,40,56.8,24.2
2020-12-10 02:58:24,36.1,78.7,40,56.8,24.2
2020-12-10 02:58:54,36.1,78.7,40,56.8,24.1
2020-12-10 02:59:24,36.0,78.7,40,56.8,24.0
2020-12-10 02:59:54,36.1,78.6,40,56.8,23.9
2020-12-10 03:00:24,36.1,78.7,40,56.8,23.9
2020-12-10 03:00:54,36.1,78.7,40,56.8,23.8
2020-12-10 03:01:24,36.0,78.7,40,56.8,23.8
2020-12-10 03:01:54,36.0,78.7,40,56.8,23.8
2020-12-10 03:02:24,36.0,78.7,40,56.8,23.9
2020-12-10 03:02:54,36.0,78.7,40,56.8,23.9
2020-12-10 03:03:24,36.0,78.7,40,56.8,23.8
2020-12-10 03:03:54,36.1,78.7,40,56.9,23.8
2020-12-10 03:04:24,36.1,78.6,40,56.9,23.8
2020-12-10 03:04:54,36.0,78.7,40,56.9,23.8
2020-12-10 03:05:24,36.0,78.7,40,56.8,23.8
2020-12-10 03:05:54,36.0,78.8,40,56.9,23.8
2020-12-10 03:06:24,36.0,78.8,40,56.9,23.8
2020-12-10 03:06:54,36.0,78.9,40,56.9,23.7
2020-12-10 03:07:24,36.0,78.9,40,56.9,23.7
2020-12-10 03:07:54,36.1,78.9,40,56.9,23.8
2020-12-10 03:08:24,36.1,78.9,40,56.9,23.8
2020-12-10 03:08:54,35.9,78.9,40,56.9,23.8
2020-12-10 03:09:24,35.9,78.9,40,56.9,23.7
2020-12-10 03:09:54,36.0,78.9,40,56.9,23.7
2020-12-10 03:10:24,36.1,78.9,40,56.9,23.7
2020-12-10 03:10:54,36.0,79.0,40,56.9,23.7
2020-12-10 03:11:24,36.0,79.0,40,57.0,23.7
2020-12-10 03:11:54,36.1,79.0,40,57.0,23.7
2020-12-10 03:12:24,36.0,79.0,40,57.0,23.7
2020-12-10 03:12:54,36.0,79.0,40,57.0,23.7
2020-12-10 03:13:24,36.0,79.0,40,57.0,23.7
2020-12-10 03:13:54,36.0,79.0,40,57.0,23.7
2020-12-10 03:14:24,36.0,79.0,40,57.0,23.7
2020-12-10 03:14:54,36.0,79.1,40,57.0,23.7
2020-12-10 03:15:24,36.0,79.1,40,57.0,23.7
2020-12-10 03:15:54,36.0,79.1,40,57.0,23.7
2020-12-10 03:16:24,36.1,79.1,40,57.0,23.7
2020-12-10 03:16:54,35.9,79.1,40,57.0,23.7
2020-12-10 03:17:24,36.0,79.1,40,57.0,23.8
2020-12-10 03:17:54,36.0,79.1,40,57.0,23.8
2020-12-10 03:18:24,36.1,79.1,40,57.0,23.8
2020-12-10 03:18:54,36.1,79.2,40,57.0,23.8
2020-12-10 03:19:24,36.1,79.2,40,57.0,23.8
2020-12-10 03:19:54,36.1,79.2,40,57.0,23.7
2020-12-10 03:20:24,36.1,79.2,40,57.0,23.7
2020-12-10 03:20:54,36.1,79.2,40,57.0,23.7
2020-12-10 03:21:24,36.0,79.2,40,57.0,23.7
2020-12-10 03:21:54,36.1,79.2,40,57.0,23.7
2020-12-10 03:22:24,36.1,79.2,40,57.0,23.7
2020-12-10 03:22:54,36.0,79.2,40,57.0,23.7
2020-12-10 03:23:24,36.0,79.2,40,57.0,23.7
2020-12-10 03:23:54,36.1,79.3,40,57.0,23.7
2020-12-10 03:24:24,36.1,79.2,40,57.0,23.7
2020-12-10 03:24:54,36.1,79.2,40,57.0,23.7
2020-12-10 03:25:24,36.0,79.3,40,57.0,23.7
2020-12-10 03:25:54,36.1,79.3,40,57.0,23.7
2020-12-10 03:26:24,36.1,79.3,40,57.0,23.7
2020-12-10 03:26:54,36.1,79.3,40,57.0,23.9
2020-12-10 03:27:24,36.0,79.4,40,57.0,23.8
2020-12-10 03:27:54,36.0,79.3,40,57.0,23.9
2020-12-10 03:28:24,36.0,79.4,40,57.0,23.9
2020-12-10 03:28:54,36.1,79.4,40,57.0,23.8
2020-12-10 03:29:24,36.1,79.4,40,57.0,23.8
2020-12-10 03:29:54,36.0,79.4,40,57.0,23.8
2020-12-10 03:30:24,36.1,79.4,40,57.0,23.8
2020-12-10 03:30:54,36.1,79.5,40,57.1,23.8
2020-12-10 03:31:24,36.1,79.5,40,57.1,23.8
2020-12-10 03:31:54,36.1,79.5,40,57.1,23.8
2020-12-10 03:32:24,36.1,79.4,40,57.1,23.8
2020-12-10 03:32:54,36.1,79.5,40,57.0,23.8
2020-12-10 03:33:24,36.1,79.5,40,57.1,23.9
2020-12-10 03:33:54,36.1,79.5,40,57.1,23.9
2020-12-10 03:34:24,36.1,79.6,40,57.1,23.9
2020-12-10 03:34:54,36.1,79.6,40,57.1,23.9
2020-12-10 03:35:24,36.1,79.6,40,57.1,23.9
2020-12-10 03:35:54,36.1,79.6,40,57.1,23.9
2020-12-10 03:36:24,36.1,79.6,40,57.1,23.9
2020-12-10 03:36:54,36.1,79.7,40,57.1,23.9
2020-12-10 03:37:24,36.1,79.7,40,57.1,23.9
2020-12-10 03:37:54,36.0,79.7,40,57.1,24.0
2020-12-10 03:38:24,36.2,79.7,40,57.1,23.9
2020-12-10 03:38:54,36.1,79.7,40,57.1,23.9
2020-12-10 03:39:24,36.1,79.8,40,57.1,23.8
2020-12-10 03:39:54,36.1,79.9,40,57.1,23.8
2020-12-10 03:40:24,36.0,79.9,40,57.1,23.8
2020-12-10 03:40:54,36.1,79.9,40,57.1,23.8
2020-12-10 03:41:24,36.0,79.9,40,57.1,23.9
2020-12-10 03:41:54,36.1,79.9,40,57.1,23.8
2020-12-10 03:42:24,36.1,79.9,40,57.1,23.8
2020-12-10 03:42:54,36.1,79.9,40,57.1,23.8
2020-12-10 03:43:24,36.1,80.0,40,57.1,23.9
2020-12-10 03:43:54,36.1,80.0,40,57.1,23.9
2020-12-10 03:44:24,36.1,80.0,40,57.1,23.9
2020-12-10 03:44:54,36.1,80.0,40,57.1,23.9
2020-12-10 03:45:24,36.1,80.0,40,57.1,23.9
2020-12-10 03:45:54,36.1,80.0,40,57.1,23.8
2020-12-10 03:46:24,36.2,80.0,40,57.1,23.8
2020-12-10 03:46:54,36.1,79.9,40,57.1,23.7
2020-12-10 03:47:24,36.1,79.9,40,57.2,23.7
2020-12-10 03:47:54,36.1,80.0,40,57.2,23.7
2020-12-10 03:48:24,36.1,80.0,40,57.2,23.7
2020-12-10 03:48:54,36.1,80.1,40,57.2,23.8
2020-12-10 03:49:24,36.2,80.1,40,57.2,23.8
2020-12-10 03:49:54,36.1,80.1,40,57.2,23.8
2020-12-10 03:50:24,36.1,80.1,40,57.2,23.9
2020-12-10 03:50:54,36.1,80.2,40,57.2,23.9
2020-12-10 03:51:24,36.1,80.2,40,57.2,23.8
2020-12-10 03:51:54,36.0,80.7,40,57.2,23.7
2020-12-10 03:52:24,36.1,81.7,40,57.2,23.6
2020-12-10 03:52:54,36.3,82.2,41,57.3,23.5
2020-12-10 03:53:24,36.3,82.3,41,57.4,23.4
2020-12-10 03:53:54,36.4,82.4,41,57.5,23.5
2020-12-10 03:54:24,36.5,82.5,41,57.5,23.4
2020-12-10 03:54:54,36.4,82.6,42,57.6,23.4
2020-12-10 03:55:24,36.5,82.8,42,57.7,23.4
2020-12-10 03:55:54,36.5,82.8,42,57.8,23.4
2020-12-10 03:56:24,36.6,82.9,42,57.9,23.3
2020-12-10 03:56:54,36.6,83.0,42,58.0,23.4
2020-12-10 03:57:24,36.7,82.9,42,58.0,23.4
2020-12-10 03:57:54,36.7,83.0,42,58.1,23.4
2020-12-10 03:58:24,36.8,83.0,42,58.2,23.4
2020-12-10 03:58:54,36.8,83.2,43,58.2,23.4
2020-12-10 03:59:24,36.8,83.3,43,58.3,23.4
2020-12-10 03:59:54,36.9,83.3,43,58.4,23.4
2020-12-10 04:00:24,36.9,83.4,43,58.4,23.4
2020-12-10 04:00:54,37.0,83.4,43,58.5,23.4
2020-12-10 04:01:24,36.9,83.5,43,58.6,23.4
2020-12-10 04:01:54,36.9,83.5,43,58.6,23.5
2020-12-10 04:02:24,37.0,83.5,43,58.7,23.5
2020-12-10 04:02:54,37.1,83.6,43,58.7,23.6
2020-12-10 04:03:24,37.1,83.6,43,58.8,23.5
2020-12-10 04:03:54,37.1,83.6,43,58.8,23.5
2020-12-10 04:04:24,37.1,83.6,43,58.9,23.5
2020-12-10 04:04:54,37.2,83.6,43,58.9,23.5
2020-12-10 04:05:24,37.2,83.6,44,58.9,23.5
2020-12-10 04:05:54,37.1,83.6,44,59.0,23.5
2020-12-10 04:06:24,37.1,83.7,44,59.0,23.5
2020-12-10 04:06:54,37.2,83.7,44,59.0,23.5
2020-12-10 04:07:24,37.2,83.7,44,59.1,23.5
2020-12-10 04:07:54,37.2,83.7,44,59.1,23.6
2020-12-10 04:08:24,37.2,83.7,44,59.1,23.6
2020-12-10 04:08:54,37.2,83.7,44,59.2,23.5
2020-12-10 04:09:24,37.3,83.7,44,59.2,23.5
2020-12-10 04:09:54,37.2,83.8,44,59.2,23.5
2020-12-10 04:10:24,37.3,83.8,44,59.3,23.5
2020-12-10 04:10:54,37.3,83.8,44,59.3,23.5
2020-12-10 04:11:24,37.3,83.8,44,59.3,23.5
2020-12-10 04:11:54,37.4,83.9,44,59.3,23.6
2020-12-10 04:12:24,37.3,83.9,44,59.4,23.6
2020-12-10 04:12:54,37.3,83.9,44,59.4,23.6
2020-12-10 04:13:24,37.3,83.9,44,59.4,23.6
2020-12-10 04:13:54,37.4,83.9,44,59.4,23.6
2020-12-10 04:14:24,37.4,83.9,44,59.5,23.6
2020-12-10 04:14:54,37.4,83.9,44,59.5,23.6
2020-12-10 04:15:24,37.4,83.9,44,59.5,23.5
2020-12-10 04:15:54,37.4,83.9,44,59.5,23.6
2020-12-10 04:16:24,37.4,83.9,44,59.5,23.6
2020-12-10 04:16:54,37.4,83.9,44,59.5,23.6
2020-12-10 04:17:24,37.5,83.9,44,59.6,23.6
2020-12-10 04:17:54,37.5,83.9,44,59.6,23.6
2020-12-10 04:18:24,37.4,83.9,44,59.6,23.6
2020-12-10 04:18:54,37.4,83.9,44,59.6,23.6
2020-12-10 04:19:24,37.4,83.9,44,59.6,23.6
2020-12-10 04:19:54,37.5,83.9,44,59.6,23.6
2020-12-10 04:20:24,37.4,84.0,44,59.7,23.5
2020-12-10 04:20:54,37.5,84.0,44,59.7,23.6
2020-12-10 04:21:24,37.6,84.0,44,59.7,23.6
2020-12-10 04:21:54,37.5,84.0,44,59.7,23.6
2020-12-10 04:22:24,37.5,84.0,44,59.7,23.6
2020-12-10 04:22:54,37.5,84.0,44,59.7,23.5
2020-12-10 04:23:24,37.6,84.3,44,59.8,23.6
2020-12-10 04:23:54,37.6,84.3,44,59.8,23.6
2020-12-10 04:24:24,37.5,84.4,44,59.8,23.6
2020-12-10 04:24:54,37.6,84.4,44,59.8,23.6
2020-12-10 04:25:24,37.6,84.4,44,59.9,23.6
2020-12-10 04:25:54,37.7,84.4,44,59.9,23.6
2020-12-10 04:26:24,37.6,84.4,44,59.9,23.6
2020-12-10 04:26:54,37.6,84.4,44,59.9,23.6
2020-12-10 04:27:24,37.6,84.5,44,59.9,23.6
2020-12-10 04:27:54,37.6,84.4,44,59.9,23.7
2020-12-10 04:28:24,37.6,84.5,44,60.0,23.7
2020-12-10 04:28:54,37.6,84.5,44,60.0,23.7
2020-12-10 04:29:24,37.7,84.5,44,60.0,23.7
2020-12-10 04:29:54,37.7,84.5,44,60.0,23.6
2020-12-10 04:30:24,37.7,84.5,44,60.0,23.6
2020-12-10 04:30:54,37.7,84.4,44,60.0,23.6
2020-12-10 04:31:24,37.6,84.4,44,60.0,23.6
2020-12-10 04:31:54,37.7,84.4,44,60.0,23.6
2020-12-10 04:32:24,37.6,84.5,44,60.0,23.6
2020-12-10 04:32:54,37.6,84.5,44,60.1,23.6
2020-12-10 04:33:24,37.7,84.5,44,60.1,23.6
2020-12-10 04:33:54,37.7,84.5,44,60.1,23.5
2020-12-10 04:34:24,37.6,84.5,44,60.1,23.6
2020-12-10 04:34:54,37.6,84.5,44,60.1,23.6
2020-12-10 04:35:24,37.7,84.5,44,60.1,23.6
2020-12-10 04:35:54,37.7,84.5,44,60.1,23.6
2020-12-10 04:36:24,37.7,84.5,44,60.1,23.7
2020-12-10 04:36:54,37.7,84.6,44,60.1,23.6
2020-12-10 04:37:24,37.7,84.5,44,60.2,23.6
2020-12-10 04:37:54,37.7,84.6,44,60.2,23.6
2020-12-10 04:38:24,37.6,84.6,44,60.1,23.7
2020-12-10 04:38:54,37.7,84.6,44,60.2,23.7
2020-12-10 04:39:24,37.7,84.6,45,60.2,23.7
2020-12-10 04:39:54,37.6,84.6,45,60.2,23.7
2020-12-10 04:40:24,37.7,84.6,45,60.2,23.7
2020-12-10 04:40:54,37.8,84.6,45,60.2,23.7
2020-12-10 04:41:24,37.7,84.7,45,60.2,23.7
2020-12-10 04:41:54,37.7,84.7,44,60.2,23.6
2020-12-10 04:42:24,37.8,84.7,44,60.2,23.7
2020-12-10 04:42:54,37.8,84.7,44,60.2,23.8
2020-12-10 04:43:24,37.8,84.7,44,60.2,23.7
2020-12-10 04:43:54,37.8,84.8,44,60.2,23.7
2020-12-10 04:44:24,37.8,84.8,44,60.2,23.7
2020-12-10 04:44:54,37.8,84.8,44,60.3,23.7
2020-12-10 04:45:24,37.8,84.8,44,60.2,23.7
2020-12-10 04:45:54,37.8,84.8,44,60.3,23.7
2020-12-10 04:46:24,37.7,84.8,44,60.3,23.8
2020-12-10 04:46:54,37.8,84.8,44,60.3,23.8
2020-12-10 04:47:24,37.8,84.8,44,60.3,23.7
2020-12-10 04:47:54,37.7,84.8,44,60.3,23.7
2020-12-10 04:48:24,37.8,85.0,44,60.3,23.6
2020-12-10 04:48:54,37.7,85.0,45,60.3,23.7
2020-12-10 04:49:24,37.8,85.1,45,60.3,23.7
2020-12-10 04:49:54,37.8,85.1,45,60.3,23.7
2020-12-10 04:50:24,37.8,85.1,45,60.3,23.7
2020-12-10 04:50:54,37.8,85.1,45,60.3,23.7
2020-12-10 04:51:24,37.8,85.1,45,60.3,23.7
2020-12-10 04:51:54,37.8,85.1,45,60.4,23.6
2020-12-10 04:52:24,37.8,85.1,45,60.3,23.7
2020-12-10 04:52:54,37.8,85.1,45,60.4,23.7
2020-12-10 04:53:24,37.8,85.2,45,60.4,23.7
2020-12-10 04:53:54,37.9,85.1,45,60.4,23.7
2020-12-10 04:54:24,37.9,85.1,45,60.4,23.7
2020-12-10 04:54:54,37.8,85.1,45,60.4,23.7
2020-12-10 04:55:24,37.8,85.2,45,60.4,23.7
2020-12-10 04:55:54,37.9,85.2,45,60.4,23.7
2020-12-10 04:56:24,37.8,85.1,45,60.4,23.6
2020-12-10 04:56:54,37.8,85.2,45,60.4,23.6
2020-12-10 04:57:24,37.8,85.2,45,60.4,23.6
2020-12-10 04:57:54,37.8,85.3,45,60.4,23.7
2020-12-10 04:58:24,37.8,85.3,45,60.4,23.8
2020-12-10 04:58:54,37.8,85.3,45,60.4,23.7
2020-12-10 04:59:24,37.9,85.2,45,60.4,23.8
2020-12-10 04:59:54,37.9,85.3,45,60.5,23.7
2020-12-10 05:00:24,37.9,85.3,45,60.5,23.8
2020-12-10 05:00:54,37.9,85.3,45,60.5,23.8
2020-12-10 05:01:24,37.9,85.3,45,60.5,23.8
2020-12-10 05:01:54,38.0,85.3,45,60.5,23.8
2020-12-10 05:02:24,37.9,85.3,45,60.5,23.8
2020-12-10 05:02:54,37.9,85.4,45,60.5,23.8
2020-12-10 05:03:24,37.9,85.3,45,60.5,23.8
2020-12-10 05:03:54,37.9,85.4,45,60.5,23.9
2020-12-10 05:04:24,37.9,85.4,45,60.5,24.0
2020-12-10 05:04:54,37.9,85.4,45,60.5,23.9
2020-12-10 05:05:24,37.9,85.4,45,60.5,23.8
2020-12-10 05:05:54,38.0,85.4,45,60.5,23.8
2020-12-10 05:06:24,38.0,85.4,45,60.5,23.8
2020-12-10 05:06:54,37.9,85.4,45,60.6,23.8
2020-12-10 05:07:24,38.0,85.4,45,60.6,23.8
2020-12-10 05:07:54,38.0,85.5,45,60.6,23.8
2020-12-10 05:08:24,37.9,85.5,45,60.6,23.9
2020-12-10 05:08:54,38.0,85.5,45,60.6,23.9
2020-12-10 05:09:24,37.9,85.4,45,60.6,23.8
2020-12-10 05:09:54,38.0,85.4,45,60.6,23.8
2020-12-10 05:10:24,38.0,85.4,45,60.6,23.8
2020-12-10 05:10:54,37.9,85.5,45,60.6,23.8
2020-12-10 05:11:24,38.0,85.5,45,60.6,23.8
2020-12-10 05:11:54,38.0,85.5,45,60.6,23.8
2020-12-10 05:12:24,38.0,85.5,45,60.6,23.8
2020-12-10 05:12:54,38.0,85.5,45,60.6,23.8
2020-12-10 05:13:24,38.0,85.5,45,60.6,23.8
2020-12-10 05:13:54,38.0,85.5,45,60.6,23.9
2020-12-10 05:14:24,38.0,85.6,45,60.6,23.9
2020-12-10 05:14:54,37.9,85.6,45,60.6,23.9
2020-12-10 05:15:24,37.9,85.6,45,60.6,23.8
2020-12-10 05:15:54,38.0,85.6,45,60.6,23.8
2020-12-10 05:16:24,38.0,85.6,45,60.6,23.8
2020-12-10 05:16:54,37.9,85.6,45,60.6,23.8
2020-12-10 05:17:24,37.9,85.6,45,60.6,23.8
2020-12-10 05:17:54,38.0,85.6,45,60.6,23.9
2020-12-10 05:18:24,38.0,85.6,45,60.6,23.9
2020-12-10 05:18:54,38.0,85.6,45,60.6,23.8
2020-12-10 05:19:24,38.0,85.6,45,60.6,23.9
2020-12-10 05:19:54,38.0,85.6,45,60.6,23.9
2020-12-10 05:20:24,37.9,85.7,45,60.6,24.0
2020-12-10 05:20:54,37.9,85.7,45,60.6,23.9
2020-12-10 05:21:24,37.9,85.7,45,60.6,23.9
2020-12-10 05:21:54,38.0,85.7,45,60.6,23.9
2020-12-10 05:22:24,37.9,85.8,45,60.6,24.0
2020-12-10 05:22:54,38.0,85.7,45,60.6,23.9
2020-12-10 05:23:24,37.9,85.8,45,60.6,23.9
2020-12-10 05:23:54,38.0,85.9,45,60.6,23.9
2020-12-10 05:24:24,38.0,86.0,45,60.6,23.8
2020-12-10 05:24:54,37.9,86.0,45,60.6,23.8
2020-12-10 05:25:24,38.0,86.0,45,60.6,23.8
2020-12-10 05:25:54,38.0,86.0,45,60.6,23.8
2020-12-10 05:26:24,38.0,86.1,45,60.7,23.8
2020-12-10 05:26:54,38.1,86.1,45,60.7,23.9
2020-12-10 05:27:24,38.0,86.2,45,60.7,23.9
2020-12-10 05:27:54,38.1,86.2,45,60.7,23.9
2020-12-10 05:28:24,38.1,86.2,45,60.7,23.9
2020-12-10 05:28:54,38.0,86.2,45,60.7,23.9
2020-12-10 05:29:24,38.0,86.2,45,60.7,23.9
2020-12-10 05:29:54,38.0,86.2,45,60.7,23.9
2020-12-10 05:30:24,37.9,86.1,45,60.7,23.8
2020-12-10 05:30:54,37.9,86.2,45,60.7,23.8
2020-12-10 05:31:24,37.9,86.2,45,60.7,23.8
2020-12-10 05:31:54,37.9,86.2,45,60.7,23.8
2020-12-10 05:32:24,38.0,86.2,45,60.7,23.9
2020-12-10 05:32:54,38.0,86.2,45,60.7,23.9
2020-12-10 05:33:24,38.0,86.2,45,60.7,23.9
2020-12-10 05:33:54,38.0,86.3,45,60.7,23.9
2020-12-10 05:34:24,38.1,86.3,45,60.8,23.9
2020-12-10 05:34:54,38.0,86.3,45,60.8,23.9
2020-12-10 05:35:24,38.0,86.3,45,60.8,23.9
2020-12-10 05:35:54,38.0,86.4,45,60.8,23.9
2020-12-10 05:36:24,38.0,86.3,45,60.8,23.9
2020-12-10 05:36:54,38.0,86.4,45,60.8,24.0
2020-12-10 05:37:24,38.1,86.4,45,60.8,23.9
2020-12-10 05:37:54,38.1,86.4,45,60.8,23.9
2020-12-10 05:38:24,38.1,86.4,45,60.8,24.0
2020-12-10 05:38:54,38.0,86.4,45,60.8,24.0
2020-12-10 05:39:24,38.1,86.5,45,60.8,24.0
2020-12-10 05:39:54,38.0,86.5,45,60.8,24.0
2020-12-10 05:40:24,38.0,86.5,45,60.8,24.0
2020-12-10 05:40:54,38.1,86.5,45,60.8,24.0
2020-12-10 05:41:24,38.1,86.5,45,60.8,24.1
2020-12-10 05:41:54,38.1,86.5,45,60.8,24.0
2020-12-10 05:42:24,38.0,86.6,45,60.8,24.0
2020-12-10 05:42:54,38.1,86.6,45,60.8,24.1
2020-12-10 05:43:24,38.0,86.6,45,60.8,24.0
2020-12-10 05:43:54,38.0,86.6,45,60.8,24.1
2020-12-10 05:44:24,38.1,86.6,45,60.8,24.1
2020-12-10 05:44:54,38.0,86.6,45,60.8,24.0
2020-12-10 05:45:24,38.2,86.6,45,60.8,24.0
2020-12-10 05:45:54,38.2,86.6,45,60.8,24.1
2020-12-10 05:46:24,38.1,86.7,45,60.8,24.1
2020-12-10 05:46:54,38.1,86.8,45,60.8,24.0
2020-12-10 05:47:24,38.1,87.1,45,60.8,24.0
2020-12-10 05:47:54,38.1,87.1,45,60.9,24.0
2020-12-10 05:48:24,38.2,87.2,45,60.9,24.0
2020-12-10 05:48:54,38.2,87.2,45,60.9,24.0
2020-12-10 05:49:24,38.2,87.2,45,60.9,23.9
2020-12-10 05:49:54,38.2,87.2,45,61.0,24.0
2020-12-10 05:50:24,38.2,87.3,45,61.0,24.0
2020-12-10 05:50:54,38.2,87.3,45,61.0,24.1
2020-12-10 05:51:24,38.2,87.4,45,61.0,24.1
2020-12-10 05:51:54,38.3,87.4,45,61.0,24.1
2020-12-10 05:52:24,38.2,87.3,46,61.1,24.1
2020-12-10 05:52:54,38.3,87.4,46,61.1,24.1
2020-12-10 05:53:24,38.3,87.4,46,61.1,24.2
2020-12-10 05:53:54,38.3,87.5,46,61.1,24.2
2020-12-10 05:54:24,38.4,87.5,46,61.1,24.1
2020-12-10 05:54:54,38.4,87.5,46,61.2,24.1
2020-12-10 05:55:24,38.3,87.5,46,61.2,24.2
2020-12-10 05:55:54,38.3,87.6,46,61.2,24.2
2020-12-10 05:56:24,38.5,87.6,46,61.2,24.1
2020-12-10 05:56:54,38.3,87.6,46,61.2,24.2
2020-12-10 05:57:24,38.4,87.4,46,61.2,24.1
2020-12-10 05:57:54,38.2,86.3,45,61.2,24.3
2020-12-10 05:58:24,38.2,85.8,45,61.1,24.5
2020-12-10 05:58:54,38.2,85.8,45,61.0,24.6
2020-12-10 05:59:24,38.1,85.8,45,60.9,24.7
2020-12-10 05:59:54,38.1,85.8,44,60.8,24.8
2020-12-10 06:00:24,38.1,85.7,44,60.8,24.8
2020-12-10 06:00:54,38.0,85.7,44,60.7,24.8
2020-12-10 06:01:24,38.0,85.7,44,60.6,24.9
2020-12-10 06:01:54,38.0,85.7,44,60.5,24.9
2020-12-10 06:02:24,37.9,85.6,44,60.5,24.8
2020-12-10 06:02:54,37.9,85.7,44,60.4,24.8
2020-12-10 06:03:24,37.9,85.7,43,60.4,24.7
2020-12-10 06:03:54,37.9,85.7,43,60.3,24.8
2020-12-10 06:04:24,37.8,85.7,43,60.3,24.8
2020-12-10 06:04:54,37.8,85.7,43,60.2,24.8
2020-12-10 06:05:24,37.8,85.7,43,60.2,24.8
2020-12-10 06:05:54,37.8,85.7,43,60.1,24.8
2020-12-10 06:06:24,37.8,85.7,43,60.1,24.8
2020-12-10 06:06:54,37.7,85.7,43,60.1,24.8
2020-12-10 06:07:24,37.7,85.7,43,60.0,24.8
2020-12-10 06:07:54,37.7,85.7,43,60.0,24.7
2020-12-10 06:08:24,37.6,85.7,43,59.9,24.7
2020-12-10 06:08:54,37.6,85.7,43,59.9,24.7
2020-12-10 06:09:24,37.6,85.7,43,59.9,24.8
2020-12-10 06:09:54,37.6,85.7,43,59.8,24.8
2020-12-10 06:10:24,37.6,85.6,43,59.8,24.7
2020-12-10 06:10:54,37.5,85.7,43,59.8,24.7
2020-12-10 06:11:24,37.6,85.7,42,59.8,24.7
2020-12-10 06:11:54,37.6,85.7,42,59.7,24.7
2020-12-10 06:12:24,37.5,85.8,42,59.7,24.8
2020-12-10 06:12:54,37.5,85.8,42,59.7,24.8
2020-12-10 06:13:24,37.6,85.8,42,59.7,24.8
2020-12-10 06:13:54,37.5,85.8,42,59.7,24.9
2020-12-10 06:14:24,37.5,85.8,42,59.6,24.8
2020-12-10 06:14:54,37.5,85.8,42,59.6,24.8
2020-12-10 06:15:24,37.5,85.9,42,59.6,24.8
2020-12-10 06:15:54,37.5,85.8,42,59.6,24.9
2020-12-10 06:16:24,37.5,85.8,42,59.6,24.8
2020-12-10 06:16:54,37.5,85.9,42,59.5,24.9
2020-12-10 06:17:24,37.5,85.9,42,59.5,24.9
2020-12-10 06:17:54,37.4,85.9,42,59.5,24.9
2020-12-10 06:18:24,37.4,86.0,42,59.5,24.8
2020-12-10 06:18:54,37.4,86.0,42,59.5,24.8
2020-12-10 06:19:24,37.5,85.9,42,59.5,24.8
2020-12-10 06:19:54,37.4,86.0,42,59.4,24.8
2020-12-10 06:20:24,37.4,86.0,42,59.4,24.8
2020-12-10 06:20:54,37.4,86.0,42,59.4,24.7
2020-12-10 06:21:24,37.4,85.9,42,59.4,24.8
2020-12-10 06:21:54,37.4,86.0,42,59.4,24.8
2020-12-10 06:22:24,37.5,86.0,42,59.4,24.8
2020-12-10 06:22:54,37.3,86.0,42,59.4,24.8
2020-12-10 06:23:24,37.4,86.0,42,59.4,24.8
2020-12-10 06:23:54,37.4,86.0,42,59.4,24.8
2020-12-10 06:24:24,37.4,86.0,42,59.4,24.8
2020-12-10 06:24:54,37.4,86.1,42,59.4,24.8
2020-12-10 06:25:24,37.4,86.1,42,59.3,24.8
2020-12-10 06:25:54,37.4,86.1,42,59.3,24.8
2020-12-10 06:26:24,37.4,86.1,42,59.3,24.9
2020-12-10 06:26:54,37.3,86.1,42,59.3,24.8
2020-12-10 06:27:24,37.4,86.1,42,59.3,24.9
2020-12-10 06:27:54,37.3,86.1,42,59.3,24.9
2020-12-10 06:28:24,37.4,86.1,42,59.3,24.9
2020-12-10 06:28:54,37.3,86.1,42,59.3,24.9
2020-12-10 06:29:24,37.4,86.2,42,59.3,24.9
2020-12-10 06:29:54,37.3,86.2,42,59.3,24.9
2020-12-10 06:30:24,37.4,86.2,42,59.3,24.9
2020-12-10 06:30:54,37.3,86.2,42,59.2,24.8
2020-12-10 06:31:24,37.4,86.2,42,59.2,24.8
2020-12-10 06:31:54,37.3,86.3,42,59.2,24.9
2020-12-10 06:32:24,37.3,86.3,42,59.2,24.9
2020-12-10 06:32:54,37.3,86.3,42,59.2,25.0
2020-12-10 06:33:24,37.3,86.3,42,59.2,24.9
2020-12-10 06:33:54,37.3,86.3,42,59.2,24.9
2020-12-10 06:34:24,37.3,86.3,42,59.2,24.9
2020-12-10 06:34:54,37.3,86.3,42,59.2,25.0
2020-12-10 06:35:24,37.3,86.4,42,59.2,25.0
2020-12-10 06:35:54,37.3,86.4,42,59.1,25.0
2020-12-10 06:36:24,37.3,86.4,42,59.1,25.0
2020-12-10 06:36:54,37.4,86.4,42,59.1,24.9
2020-12-10 06:37:24,37.4,86.4,42,59.1,25.0
2020-12-10 06:37:54,37.4,86.5,42,59.1,25.0
2020-12-10 06:38:24,37.4,86.5,42,59.1,25.0
2020-12-10 06:38:54,37.3,86.6,42,59.1,25.0
2020-12-10 06:39:24,37.4,86.6,42,59.1,25.0
2020-12-10 06:39:54,37.4,86.6,42,59.1,25.0
2020-12-10 06:40:24,37.3,86.6,42,59.1,25.0
2020-12-10 06:40:54,37.4,86.5,42,59.1,25.0
2020-12-10 06:41:24,37.3,86.6,42,59.1,24.9
2020-12-10 06:41:54,37.3,86.5,42,59.1,24.9
2020-12-10 06:42:24,37.3,86.5,42,59.1,24.9
2020-12-10 06:42:54,37.2,86.6,42,59.1,24.9
2020-12-10 06:43:24,37.3,86.6,42,59.1,24.9
2020-12-10 06:43:54,37.3,86.6,42,59.1,24.9
2020-12-10 06:44:24,37.2,86.6,42,59.1,24.9
2020-12-10 06:44:54,37.2,86.6,42,59.1,24.9
2020-12-10 06:45:24,37.2,86.6,42,59.0,24.9
2020-12-10 06:45:54,37.3,86.6,42,59.1,24.9
2020-12-10 06:46:24,37.3,86.6,42,59.0,24.8
2020-12-10 06:46:54,37.2,86.6,42,59.0,24.8
2020-12-10 06:47:24,37.3,86.6,42,59.0,24.8
2020-12-10 06:47:54,37.2,86.7,42,59.0,24.8
2020-12-10 06:48:24,37.2,86.7,42,59.0,24.9
2020-12-10 06:48:54,37.2,86.7,42,59.0,24.9
2020-12-10 06:49:24,37.2,86.8,42,59.0,24.9
2020-12-10 06:49:54,37.2,86.8,42,59.0,24.9
2020-12-10 06:50:24,37.2,86.8,42,59.0,24.9
2020-12-10 06:50:54,37.3,86.8,42,59.0,24.9
2020-12-10 06:51:24,37.2,86.8,41,59.0,25.0
2020-12-10 06:51:54,37.2,86.8,41,59.0,25.0
2020-12-10 06:52:24,37.2,86.8,41,59.0,25.0
2020-12-10 06:52:54,37.3,86.8,41,59.0,25.0
2020-12-10 06:53:24,37.3,86.8,41,59.0,25.1
2020-12-10 06:53:54,37.2,86.8,41,59.0,25.0
2020-12-10 06:54:24,37.2,86.8,42,59.0,25.0
2020-12-10 06:54:54,37.2,86.8,42,59.0,25.0
2020-12-10 06:55:24,37.2,86.8,42,59.0,24.9
2020-12-10 06:55:54,37.1,86.9,42,58.9,24.9
2020-12-10 06:56:24,37.2,86.9,42,58.9,25.0
2020-12-10 06:56:54,37.2,87.0,42,58.9,24.9
2020-12-10 06:57:24,37.2,87.0,42,59.0,24.9
2020-12-10 06:57:54,37.2,87.0,42,59.0,24.9
2020-12-10 06:58:24,37.2,87.0,42,59.0,25.0
2020-12-10 06:58:54,37.3,87.1,42,59.0,24.9
2020-12-10 06:59:24,37.3,87.1,42,59.0,25.0
2020-12-10 06:59:54,37.2,87.1,42,59.0,25.0
2020-12-10 07:00:24,37.3,87.1,42,59.0,25.0
2020-12-10 07:00:54,37.3,87.1,42,59.0,25.0
2020-12-10 07:01:24,37.3,87.1,42,59.0,25.0
2020-12-10 07:01:54,37.4,87.2,42,59.0,25.0
2020-12-10 07:02:24,37.3,87.1,42,59.0,25.1
2020-12-10 07:02:54,37.3,87.1,42,59.1,25.0
2020-12-10 07:03:24,37.2,87.1,42,59.0,24.9
2020-12-10 07:03:54,37.2,87.2,42,59.0,24.9
2020-12-10 07:04:24,37.3,87.1,42,59.0,24.9
2020-12-10 07:04:54,37.3,87.1,42,59.1,24.9
2020-12-10 07:05:24,37.3,87.2,42,59.1,25.0
2020-12-10 07:05:54,37.2,87.2,42,59.1,25.0
2020-12-10 07:06:24,37.2,87.2,42,59.1,25.0
2020-12-10 07:06:54,37.3,87.3,42,59.1,25.0
2020-12-10 07:07:24,37.2,87.3,42,59.1,25.0
2020-12-10 07:07:54,37.2,87.3,42,59.1,25.0
2020-12-10 07:08:24,37.3,87.3,42,59.1,25.1
2020-12-10 07:08:54,37.3,87.3,42,59.1,25.0
2020-12-10 07:09:24,37.2,87.4,42,59.1,25.0
2020-12-10 07:09:54,37.3,87.4,42,59.1,25.0
2020-12-10 07:10:24,37.3,87.4,42,59.0,25.0
2020-12-10 07:10:54,37.3,87.4,42,59.1,25.0
2020-12-10 07:11:24,37.3,87.4,42,59.1,25.0
2020-12-10 07:11:54,37.3,87.4,42,59.1,25.0
2020-12-10 07:12:24,37.3,87.4,42,59.1,24.9
2020-12-10 07:12:54,37.3,87.4,42,59.1,25.0
2020-12-10 07:13:24,37.3,87.5,42,59.1,25.0
2020-12-10 07:13:54,37.2,87.5,42,59.1,25.1
2020-12-10 07:14:24,37.3,87.5,42,59.1,25.1
2020-12-10 07:14:54,37.3,87.5,42,59.1,25.0
2020-12-10 07:15:24,37.3,87.5,42,59.1,25.0
2020-12-10 07:15:54,37.2,87.5,42,59.1,25.0
2020-12-10 07:16:24,37.2,87.6,42,59.0,25.0
2020-12-10 07:16:54,37.3,87.6,42,59.1,25.0
2020-12-10 07:17:24,37.3,87.6,42,59.1,25.0
2020-12-10 07:17:54,37.3,87.6,42,59.1,25.0
2020-12-10 07:18:24,37.3,87.6,42,59.1,25.0
2020-12-10 07:18:54,37.4,87.6,42,59.1,25.0
2020-12-10 07:19:24,37.3,87.6,42,59.1,25.1
2020-12-10 07:19:54,37.3,87.6,42,59.1,25.1
2020-12-10 07:20:24,37.3,87.6,42,59.1,25.1
2020-12-10 07:20:54,37.3,87.7,42,59.1,25.1
2020-12-10 07:21:24,37.3,87.7,42,59.1,25.1
2020-12-10 07:21:54,37.3,87.7,42,59.1,25.1
2020-12-10 07:22:24,37.3,87.7,42,59.1,25.1
2020-12-10 07:22:54,37.3,87.8,42,59.1,25.1
2020-12-10 07:23:24,37.3,87.7,42,59.1,25.0
2020-12-10 07:23:54,37.3,87.8,42,59.1,25.1
2020-12-10 07:24:24,37.4,87.9,42,59.1,25.1
2020-12-10 07:24:54,37.3,88.0,42,59.1,25.1
2020-12-10 07:25:24,37.3,88.0,42,59.1,25.1
2020-12-10 07:25:54,37.3,88.0,42,59.1,25.0
2020-12-10 07:26:24,37.4,88.0,42,59.1,25.0
2020-12-10 07:26:54,37.4,88.0,42,59.1,25.1
2020-12-10 07:27:24,37.3,88.0,42,59.1,25.1
2020-12-10 07:27:54,37.3,88.1,42,59.1,25.1
2020-12-10 07:28:24,37.4,88.1,42,59.2,25.1
2020-12-10 07:28:54,37.4,88.1,42,59.2,25.1
2020-12-10 07:29:24,37.4,88.1,42,59.2,25.1
2020-12-10 07:29:54,37.3,88.1,42,59.2,25.1
2020-12-10 07:30:24,37.4,88.2,42,59.2,25.1
2020-12-10 07:30:54,37.4,88.2,42,59.2,25.1
2020-12-10 07:31:24,37.4,88.2,42,59.2,25.1
2020-12-10 07:31:54,37.4,88.2,42,59.2,25.2
2020-12-10 07:32:24,37.4,88.2,42,59.2,25.1
2020-12-10 07:32:54,37.5,88.2,42,59.2,25.2
2020-12-10 07:33:24,37.4,88.2,42,59.2,25.1
2020-12-10 07:33:54,37.4,88.3,42,59.2,25.2
2020-12-10 07:34:24,37.4,88.3,42,59.2,25.2
2020-12-10 07:34:54,37.4,88.3,42,59.2,25.1
2020-12-10 07:35:24,37.4,88.3,42,59.2,25.1
2020-12-10 07:35:54,37.4,88.3,42,59.2,25.1
2020-12-10 07:36:24,37.5,88.3,42,59.2,25.2
2020-12-10 07:36:54,37.4,88.3,42,59.2,25.2
2020-12-10 07:37:24,37.4,88.3,42,59.2,25.2
2020-12-10 07:37:54,37.5,88.3,42,59.2,25.1
2020-12-10 07:38:24,37.5,88.4,42,59.2,25.1
2020-12-10 07:38:54,37.4,88.4,42,59.2,25.2
2020-12-10 07:39:24,37.4,88.4,42,59.2,25.2
2020-12-10 07:39:54,37.5,88.4,42,59.2,25.2
2020-12-10 07:40:24,37.4,88.4,42,59.2,25.2
2020-12-10 07:40:54,37.5,88.5,42,59.2,25.2
2020-12-10 07:41:24,37.5,88.5,42,59.2,25.2
2020-12-10 07:41:54,37.5,88.7,42,59.2,25.1
2020-12-10 07:42:24,37.5,88.7,42,59.3,25.1
2020-12-10 07:42:54,37.4,88.7,42,59.3,25.1
2020-12-10 07:43:24,37.5,88.8,42,59.3,25.1
2020-12-10 07:43:54,37.5,88.8,42,59.3,25.2
2020-12-10 07:44:24,37.5,88.8,42,59.3,25.3
2020-12-10 07:44:54,37.6,88.8,42,59.4,25.2
2020-12-10 07:45:24,37.5,88.8,42,59.4,25.1
2020-12-10 07:45:54,37.5,88.9,42,59.4,25.1
2020-12-10 07:46:24,37.5,88.9,42,59.4,25.1
2020-12-10 07:46:54,37.4,89.0,42,59.4,25.1
2020-12-10 07:47:24,37.5,88.9,42,59.4,25.1
2020-12-10 07:47:54,37.6,89.0,42,59.4,25.1
2020-12-10 07:48:24,37.5,89.0,42,59.4,25.1
2020-12-10 07:48:54,37.5,89.0,42,59.4,25.1
2020-12-10 07:49:24,37.6,89.0,42,59.5,25.1
2020-12-10 07:49:54,37.6,89.0,42,59.5,25.1
2020-12-10 07:50:24,37.6,89.0,42,59.5,25.1
2020-12-10 07:50:54,37.6,89.1,42,59.5,25.1
2020-12-10 07:51:24,37.6,89.1,42,59.5,25.1
2020-12-10 07:51:54,37.6,89.2,42,59.5,25.2
2020-12-10 07:52:24,37.6,89.2,42,59.5,25.3
2020-12-10 07:52:54,37.6,89.2,42,59.5,25.2
2020-12-10 07:53:24,37.6,89.2,42,59.5,25.2
2020-12-10 07:53:54,37.7,89.3,42,59.6,25.3
2020-12-10 07:54:24,37.7,89.3,42,59.6,25.3
2020-12-10 07:54:54,37.7,89.3,42,59.6,25.3
2020-12-10 07:55:24,37.7,89.3,42,59.6,25.3
2020-12-10 07:55:54,37.7,89.4,42,59.6,25.4
2020-12-10 07:56:24,37.8,89.3,42,59.6,25.3
2020-12-10 07:56:54,37.7,89.3,42,59.6,25.3
2020-12-10 07:57:24,37.7,89.4,42,59.6,25.3
2020-12-10 07:57:54,37.7,89.4,42,59.6,25.3
2020-12-10 07:58:24,37.7,89.4,42,59.6,25.4
2020-12-10 07:58:54,37.7,89.5,42,59.6,25.4
2020-12-10 07:59:24,37.7,89.5,42,59.6,25.4
2020-12-10 07:59:54,37.7,89.5,42,59.6,25.3
2020-12-10 08:00:24,37.8,89.5,42,59.7,25.3
2020-12-10 08:00:54,37.7,89.6,42,59.7,25.3
2020-12-10 08:01:24,37.7,89.6,42,59.7,25.3
2020-12-10 08:01:54,37.8,89.7,42,59.7,25.3
2020-12-10 08:02:24,37.7,89.9,42,59.7,25.3
2020-12-10 08:02:54,37.8,90.0,42,59.7,25.3
2020-12-10 08:03:24,37.8,90.0,42,59.7,25.3
2020-12-10 08:03:54,37.8,90.0,43,59.7,25.2
2020-12-10 08:04:24,37.8,90.0,43,59.8,25.3
2020-12-10 08:04:54,37.9,90.0,43,59.8,25.3
2020-12-10 08:05:24,37.9,90.1,43,59.8,25.2
2020-12-10 08:05:54,37.9,90.1,43,59.8,25.3
2020-12-10 08:06:24,37.9,90.1,43,59.9,25.2
2020-12-10 08:06:54,37.9,90.2,43,59.9,25.2
2020-12-10 08:07:24,38.0,90.2,43,59.9,25.2
2020-12-10 08:07:54,38.0,90.2,43,59.9,25.3
2020-12-10 08:08:24,38.0,90.3,43,60.0,25.4
2020-12-10 08:08:54,38.0,90.3,43,60.0,25.4
2020-12-10 08:09:24,38.0,90.3,43,60.0,25.4
2020-12-10 08:09:54,38.0,90.4,43,60.0,25.4
2020-12-10 08:10:24,38.0,90.4,43,60.0,25.5
2020-12-10 08:10:54,38.0,90.5,43,60.0,25.5
2020-12-10 08:11:24,38.1,90.5,43,60.1,25.5
2020-12-10 08:11:54,38.0,90.5,43,60.1,25.4
2020-12-10 08:12:24,38.1,90.5,43,60.1,25.4
2020-12-10 08:12:54,38.1,90.5,43,60.1,25.5
2020-12-10 08:13:24,38.1,90.5,43,60.1,25.5
2020-12-10 08:13:54,38.1,90.5,43,60.1,25.5
2020-12-10 08:14:24,38.0,90.6,43,60.1,25.6
2020-12-10 08:14:54,38.0,90.6,43,60.1,25.5
2020-12-10 08:15:24,38.2,90.6,43,60.1,25.5
2020-12-10 08:15:54,38.1,90.6,43,60.1,25.5
2020-12-10 08:16:24,38.1,90.6,43,60.1,25.5
2020-12-10 08:16:54,38.1,90.6,43,60.2,25.6
2020-12-10 08:17:24,38.1,90.6,43,60.2,25.6
2020-12-10 08:17:54,38.2,90.6,43,60.2,25.6
2020-12-10 08:18:24,38.2,90.7,43,60.2,25.7
2020-12-10 08:18:54,38.2,90.7,43,60.2,25.6
2020-12-10 08:19:24,38.1,90.7,43,60.2,25.7
2020-12-10 08:19:54,38.2,90.8,43,60.2,25.6