时间,轴心轨迹
2020-12-10 00:00:04,0.36
2020-12-10 00:00:14,0.36
2020-12-10 00:00:24,0.37
2020-12-10 00:00:34,0.35
2020-12-10 00:00:44,0.34
2020-12-10 00:00:54,0.36
2020-12-10 00:01:04,0.36
2020-12-10 00:01:14,0.35
2020-12-10 00:01:24,0.33
2020-12-10 00:01:34,0.36
2020-12-10 00:01:44,0.34
2020-12-10 00:01:54,0.34
2020-12-10 00:02:04,0.33
2020-12-10 00:02:14,0.35
2020-12-10 00:02:24,0.36
2020-12-10 00:02:34,0.37
2020-12-10 00:02:44,0.35
2020-12-10 00:02:54,0.35
2020-12-10 00:03:04,0.34
2020-12-10 00:03:14,0.34
2020-12-10 00:03:24,0.35
2020-12-10 00:03:34,0.37
2020-12-10 00:03:44,0.36
2020-12-10 00:03:54,0.35
2020-12-10 00:04:04,0.38
2020-12-10 00:04:14,0.33
2020-12-10 00:04:24,0.33
2020-12-10 00:04:34,0.36
2020-12-10 00:04:44,0.35
2020-12-10 00:04:54,0.37
2020-12-10 00:05:04,0.38
2020-12-10 00:05:14,0.36
2020-12-10 00:05:24,0.36
2020-12-10 00:05:34,0.36
2020-12-10 00:05:44,0.35
2020-12-10 00:05:54,0.36
2020-12-10 00:06:04,0.35
2020-12-10 00:06:14,0.33
2020-12-10 00:06:24,0.32
2020-12-10 00:06:34,0.32
2020-12-10 00:06:44,0.33
2020-12-10 00:06:54,0.32
2020-12-10 00:07:04,0.37
2020-12-10 00:07:14,0.3
2020-12-10 00:07:24,0.32
2020-12-10 00:07:34,0.3
2020-12-10 00:07:44,0.32
2020-12-10 00:07:54,0.32
2020-12-10 00:08:04,0.32
2020-12-10 00:08:14,0.33
2020-12-10 00:08:24,0.33
2020-12-10 00:08:34,0.3
2020-12-10 00:08:44,0.3
2020-12-10 00:08:54,0.31
2020-12-10 00:09:04,0.31
2020-12-10 00:09:14,0.31
2020-12-10 00:09:24,0.32
2020-12-10 00:09:34,0.3
2020-12-10 00:09:44,0.3
2020-12-10 00:09:54,0.3
2020-12-10 00:10:04,0.31
2020-12-10 00:10:14,0.31
2020-12-10 00:10:24,0.29
2020-12-10 00:10:34,0.3
2020-12-10 00:10:44,0.31
2020-12-10 00:10:54,0.31
2020-12-10 00:11:04,0.31
2020-12-10 00:11:14,0.3
2020-12-10 00:11:24,0.32
2020-12-10 00:11:34,0.3
2020-12-10 00:11:44,0.3
2020-12-10 00:11:54,0.32
2020-12-10 00:12:04,0.29
2020-12-10 00:12:14,0.29
2020-12-10 00:12:24,0.33
2020-12-10 00:12:34,0.32
2020-12-10 00:12:44,0.31
2020-12-10 00:12:54,0.3
2020-12-10 00:13:04,0.32
2020-12-10 00:13:14,0.3
2020-12-10 00:13:24,0.31
2020-12-10 00:13:34,0.35
2020-12-10 00:13:44,0.36
2020-12-10 00:13:54,0.31
2020-12-10 00:14:04,0.31
2020-12-10 00:14:14,0.31
2020-12-10 00:14:24,0.3
2020-12-10 00:14:34,0.28
2020-12-10 00:14:44,0.28
2020-12-10 00:14:54,0.3
2020-12-10 00:15:04,0.29
2020-12-10 00:15:14,0.29
2020-12-10 00:15:24,0.3
2020-12-10 00:15:34,0.3
2020-12-10 00:15:44,0.32
2020-12-10 00:15:54,0.29
2020-12-10 00:16:04,0.32
2020-12-10 00:16:14,0.32
2020-12-10 00:16:24,0.29
2020-12-10 00:16:34,0.31
2020-12-10 00:16:44,0.32
2020-12-10 00:16:54,0.3
2020-12-10 00:17:04,0.3
2020-12-10 00:17:14,0.31
2020-12-10 00:17:24,0.31
2020-12-10 00:17:34,0.29
2020-12-10 00:17:44,0.29
2020-12-10 00:17:54,0.31
2020-12-10 00:18:04,0.3
2020-12-10 00:18:14,0.29
2020-12-10 00:18:24,0.3
2020-12-10 00:18:34,0.29
2020-12-10 00:18:44,0.31
2020-12-10 00:18:54,0.28
2020-12-10 00:19:04,0.3
2020-12-10 00:19:14,0.3
2020-12-10 00:19:24,0.28
2020-12-10 00:19:34,0.32
2020-12-10 00:19:44,0.31
2020-12-10 00:19:54,0.29
2020-12-10 00:20:04,0.3
2020-12-10 00:20:14,0.28
2020-12-10 00:20:24,0.29
2020-12-10 00:20:34,0.29
2020-12-10 00:20:44,0.3
2020-12-10 00:20:54,0.3
2020-12-10 00:21:04,0.29
2020-12-10 00:21:14,0.32
2020-12-10 00:21:24,0.28
2020-12-10 00:21:34,0.32
2020-12-10 00:21:44,0.34
2020-12-10 00:21:54,0.36
2020-12-10 00:22:04,0.38
2020-12-10 00:22:14,0.36
2020-12-10 00:22:24,0.34
2020-12-10 00:22:34,0.33
2020-12-10 00:22:44,0.35
2020-12-10 00:22:54,0.32
2020-12-10 00:23:04,0.3
2020-12-10 00:23:14,0.3
2020-12-10 00:23:24,0.3
2020-12-10 00:23:34,0.31
2020-12-10 00:23:44,0.29
2020-12-10 00:23:54,0.31
2020-12-10 00:24:04,0.31
2020-12-10 00:24:14,0.33
2020-12-10 00:24:24,0.3
2020-12-10 00:24:34,0.32
2020-12-10 00:24:44,0.32
2020-12-10 00:24:54,0.3
2020-12-10 00:25:04,0.3
2020-12-10 00:25:14,0.3
2020-12-10 00:25:24,0.3
2020-12-10 00:25:34,0.31
2020-12-10 00:25:44,0.31
2020-12-10 00:25:54,0.3
2020-12-10 00:26:04,0.29
2020-12-10 00:26:14,0.29
2020-12-10 00:26:24,0.33
2020-12-10 00:26:34,0.32
2020-12-10 00:26:44,0.3
2020-12-10 00:26:54,0.31
2020-12-10 00:27:04,0.31
2020-12-10 00:27:14,0.3
2020-12-10 00:27:24,0.28
2020-12-10 00:27:34,0.31
2020-12-10 00:27:44,0.28
2020-12-10 00:27:54,0.3
2020-12-10 00:28:04,0.28
2020-12-10 00:28:14,0.31
2020-12-10 00:28:24,0.32
2020-12-10 00:28:34,0.29
2020-12-10 00:28:44,0.3
2020-12-10 00:28:54,0.3
2020-12-10 00:29:04,0.28
2020-12-10 00:29:14,0.29
2020-12-10 00:29:24,0.29
2020-12-10 00:29:34,0.3
2020-12-10 00:29:44,0.32
2020-12-10 00:29:54,0.29
2020-12-10 00:30:04,0.3
2020-12-10 00:30:14,0.3
2020-12-10 00:30:24,0.31
2020-12-10 00:30:34,0.29
2020-12-10 00:30:44,0.31
2020-12-10 00:30:54,0.3
2020-12-10 00:31:04,0.3
2020-12-10 00:31:14,0.31
2020-12-10 00:31:24,0.31
2020-12-10 00:31:34,0.29
2020-12-10 00:31:44,0.3
2020-12-10 00:31:54,0.32
2020-12-10 00:32:04,0.31
2020-12-10 00:32:14,0.31
2020-12-10 00:32:24,0.31
2020-12-10 00:32:34,0.34
2020-12-10 00:32:44,0.35
2020-12-10 00:32:54,0.35
2020-12-10 00:33:04,0.32
2020-12-10 00:33:14,0.35
2020-12-10 00:33:24,0.35
2020-12-10 00:33:34,0.34
2020-12-10 00:33:44,0.34
2020-12-10 00:33:54,0.32
2020-12-10 00:34:04,0.32
2020-12-10 00:34:14,0.3
2020-12-10 00:34:24,0.31
2020-12-10 00:34:34,0.31
2020-12-10 00:34:44,0.3
2020-12-10 00:34:54,0.3
2020-12-10 00:35:04,0.3
2020-12-10 00:35:14,0.3
2020-12-10 00:35:24,0.3
2020-12-10 00:35:34,0.3
2020-12-10 00:35:44,0.29
2020-12-10 00:35:54,0.28
2020-12-10 00:36:04,0.31
2020-12-10 00:36:14,0.3
2020-12-10 00:36:24,0.31
2020-12-10 00:36:34,0.3
2020-12-10 00:36:44,0.29
2020-12-10 00:36:54,0.31
2020-12-10 00:37:04,0.3
2020-12-10 00:37:14,0.29
2020-12-10 00:37:24,0.31
2020-12-10 00:37:34,0.29
2020-12-10 00:37:44,0.29
2020-12-10 00:37:54,0.28
2020-12-10 00:38:04,0.31
2020-12-10 00:38:14,0.31
2020-12-10 00:38:24,0.31
2020-12-10 00:38:34,0.29
2020-12-10 00:38:44,0.29
2020-12-10 00:38:54,0.3
2020-12-10 00:39:04,0.3
2020-12-10 00:39:14,0.3
2020-12-10 00:39:24,0.31
2020-12-10 00:39:34,0.3
2020-12-10 00:39:44,0.3
2020-12-10 00:39:54,0.3
2020-12-10 00:40:04,0.31
2020-12-10 00:40:14,0.3
2020-12-10 00:40:24,0.31
2020-12-10 00:40:34,0.36
2020-12-10 00:40:44,0.3
2020-12-10 00:40:54,0.29
2020-12-10 00:41:04,0.31
2020-12-10 00:41:14,0.3
2020-12-10 00:41:24,0.28
2020-12-10 00:41:34,0.31
2020-12-10 00:41:44,0.31
2020-12-10 00:41:54,0.32
2020-12-10 00:42:04,0.29
2020-12-10 00:42:14,0.31
2020-12-10 00:42:24,0.29
2020-12-10 00:42:34,0.28
2020-12-10 00:42:44,0.29
2020-12-10 00:42:54,0.28
2020-12-10 00:43:04,0.3
2020-12-10 00:43:14,0.28
2020-12-10 00:43:24,0.3
2020-12-10 00:43:34,0.3
2020-12-10 00:43:44,0.3
2020-12-10 00:43:54,0.3
2020-12-10 00:44:04,0.29
2020-12-10 00:44:14,0.3
2020-12-10 00:44:24,0.29
2020-12-10 00:44:34,0.3
2020-12-10 00:44:44,0.29
2020-12-10 00:44:54,0.3
2020-12-10 00:45:04,0.31
2020-12-10 00:45:14,0.3
2020-12-10 00:45:24,0.31
2020-12-10 00:45:34,0.29
2020-12-10 00:45:44,0.29
2020-12-10 00:45:54,0.29
2020-12-10 00:46:04,0.3
2020-12-10 00:46:14,0.29
2020-12-10 00:46:24,0.28
2020-12-10 00:46:34,0.29
2020-12-10 00:46:44,0.3
2020-12-10 00:46:54,0.3
2020-12-10 00:47:04,0.29
2020-12-10 00:47:14,0.3
2020-12-10 00:47:24,0.3
2020-12-10 00:47:34,0.29
2020-12-10 00:47:44,0.31
2020-12-10 00:47:54,0.31
2020-12-10 00:48:04,0.29
2020-12-10 00:48:14,0.29
2020-12-10 00:48:24,0.3
2020-12-10 00:48:34,0.31
2020-12-10 00:48:44,0.3
2020-12-10 00:48:54,0.3
2020-12-10 00:49:04,0.29
2020-12-10 00:49:14,0.3
2020-12-10 00:49:24,0.3
2020-12-10 00:49:34,0.3
2020-12-10 00:49:44,0.3
2020-12-10 00:49:54,0.36
2020-12-10 00:50:04,0.34
2020-12-10 00:50:14,0.34
2020-12-10 00:50:24,0.33
2020-12-10 00:50:34,0.34
2020-12-10 00:50:44,0.32
2020-12-10 00:50:54,0.36
2020-12-10 00:51:04,0.35
2020-12-10 00:51:14,0.33
2020-12-10 00:51:24,0.34
2020-12-10 00:51:34,0.33
2020-12-10 00:51:44,0.31
2020-12-10 00:51:54,0.32
2020-12-10 00:52:04,0.33
2020-12-10 00:52:14,0.32
2020-12-10 00:52:24,0.32
2020-12-10 00:52:34,0.33
2020-12-10 00:52:44,0.34
2020-12-10 00:52:54,0.33
2020-12-10 00:53:04,0.32
2020-12-10 00:53:14,0.32
2020-12-10 00:53:24,0.33
2020-12-10 00:53:34,0.35
2020-12-10 00:53:44,0.34
2020-12-10 00:53:54,0.33
2020-12-10 00:54:04,0.35
2020-12-10 00:54:14,0.33
2020-12-10 00:54:24,0.33
2020-12-10 00:54:34,0.34
2020-12-10 00:54:44,0.32
2020-12-10 00:54:54,0.32
2020-12-10 00:55:04,0.33
2020-12-10 00:55:14,0.32
2020-12-10 00:55:24,0.32
2020-12-10 00:55:34,0.3
2020-12-10 00:55:44,0.32
2020-12-10 00:55:54,0.32
2020-12-10 00:56:04,0.3
2020-12-10 00:56:14,0.31
2020-12-10 00:56:24,0.33
2020-12-10 00:56:34,0.33
2020-12-10 00:56:44,0.34
2020-12-10 00:56:54,0.34
2020-12-10 00:57:04,0.33
2020-12-10 00:57:14,0.31
2020-12-10 00:57:24,0.31
2020-12-10 00:57:34,0.3
2020-12-10 00:57:44,0.31
2020-12-10 00:57:54,0.3
2020-12-10 00:58:04,0.3
2020-12-10 00:58:14,0.3
2020-12-10 00:58:24,0.3
2020-12-10 00:58:34,0.29
2020-12-10 00:58:44,0.3
2020-12-10 00:58:54,0.31
2020-12-10 00:59:04,0.29
2020-12-10 00:59:14,0.3
2020-12-10 00:59:24,0.3
2020-12-10 00:59:34,0.29
2020-12-10 00:59:44,0.29
2020-12-10 00:59:54,0.31
2020-12-10 01:00:04,0.3
2020-12-10 01:00:14,0.29
2020-12-10 01:00:24,0.31
2020-12-10 01:00:34,0.31
2020-12-10 01:00:44,0.29
2020-12-10 01:00:54,0.29
2020-12-10 01:01:04,0.31
2020-12-10 01:01:14,0.28
2020-12-10 01:01:24,0.31
2020-12-10 01:01:34,0.3
2020-12-10 01:01:44,0.3
2020-12-10 01:01:54,0.29
2020-12-10 01:02:04,0.28
2020-12-10 01:02:14,0.31
2020-12-10 01:02:24,0.3
2020-12-10 01:02:34,0.3
2020-12-10 01:02:44,0.29
2020-12-10 01:02:54,0.27
2020-12-10 01:03:04,0.32
2020-12-10 01:03:14,0.31
2020-12-10 01:03:24,0.29
2020-12-10 01:03:34,0.31
2020-12-10 01:03:44,0.3
2020-12-10 01:03:54,0.31
2020-12-10 01:04:04,0.29
2020-12-10 01:04:14,0.29
2020-12-10 01:04:24,0.29
2020-12-10 01:04:34,0.31
2020-12-10 01:04:44,0.28
2020-12-10 01:04:54,0.29
2020-12-10 01:05:04,0.29
2020-12-10 01:05:14,0.29
2020-12-10 01:05:24,0.29
2020-12-10 01:05:34,0.29
2020-12-10 01:05:44,0.3
2020-12-10 01:05:54,0.28
2020-12-10 01:06:04,0.3
2020-12-10 01:06:14,0.3
2020-12-10 01:06:24,0.31
2020-12-10 01:06:34,0.29
2020-12-10 01:06:44,0.31
2020-12-10 01:06:54,0.3
2020-12-10 01:07:04,0.31
2020-12-10 01:07:14,0.28
2020-12-10 01:07:24,0.31
2020-12-10 01:07:34,0.31
2020-12-10 01:07:44,0.3
2020-12-10 01:07:54,0.3
2020-12-10 01:08:04,0.3
2020-12-10 01:08:14,0.31
2020-12-10 01:08:24,0.29
2020-12-10 01:08:34,0.31
2020-12-10 01:08:44,0.37
2020-12-10 01:08:54,0.33
2020-12-10 01:09:04,0.3
2020-12-10 01:09:14,0.31
2020-12-10 01:09:24,0.32
2020-12-10 01:09:34,0.3
2020-12-10 01:09:44,0.29
2020-12-10 01:09:54,0.3
2020-12-10 01:10:04,0.31
2020-12-10 01:10:14,0.31
2020-12-10 01:10:24,0.31
2020-12-10 01:10:34,0.28
2020-12-10 01:10:44,0.3
2020-12-10 01:10:54,0.3
2020-12-10 01:11:04,0.28
2020-12-10 01:11:14,0.29
2020-12-10 01:11:24,0.3
2020-12-10 01:11:34,0.28
2020-12-10 01:11:44,0.29
2020-12-10 01:11:54,0.31
2020-12-10 01:12:04,0.29
2020-12-10 01:12:14,0.29
2020-12-10 01:12:24,0.3
2020-12-10 01:12:34,0.29
2020-12-10 01:12:44,0.29
2020-12-10 01:12:54,0.32
2020-12-10 01:13:04,0.31
2020-12-10 01:13:14,0.29
2020-12-10 01:13:24,0.29
2020-12-10 01:13:34,0.31
2020-12-10 01:13:44,0.3
2020-12-10 01:13:54,0.32
2020-12-10 01:14:04,0.28
2020-12-10 01:14:14,0.3
2020-12-10 01:14:24,0.3
2020-12-10 01:14:34,0.3
2020-12-10 01:14:44,0.3
2020-12-10 01:14:54,0.3
2020-12-10 01:15:04,0.28
2020-12-10 01:15:14,0.28
2020-12-10 01:15:24,0.28
2020-12-10 01:15:34,0.29
2020-12-10 01:15:44,0.29
2020-12-10 01:15:54,0.29
2020-12-10 01:16:04,0.29
2020-12-10 01:16:14,0.3
2020-12-10 01:16:24,0.31
2020-12-10 01:16:34,0.3
2020-12-10 01:16:44,0.32
2020-12-10 01:16:54,0.34
2020-12-10 01:17:04,0.33
2020-12-10 01:17:14,0.34
2020-12-10 01:17:24,0.3
2020-12-10 01:17:34,0.29
2020-12-10 01:17:44,0.29
2020-12-10 01:17:54,0.31
2020-12-10 01:18:04,0.31
2020-12-10 01:18:14,0.31
2020-12-10 01:18:24,0.28
2020-12-10 01:18:34,0.31
2020-12-10 01:18:44,0.31
2020-12-10 01:18:54,0.29
2020-12-10 01:19:04,0.31
2020-12-10 01:19:14,0.3
2020-12-10 01:19:24,0.32
2020-12-10 01:19:34,0.32
2020-12-10 01:19:44,0.29
2020-12-10 01:19:54,0.33
2020-12-10 01:20:04,0.3
2020-12-10 01:20:14,0.3
2020-12-10 01:20:24,0.33
2020-12-10 01:20:34,0.32
2020-12-10 01:20:44,0.33
2020-12-10 01:20:54,0.3
2020-12-10 01:21:04,0.3
2020-12-10 01:21:14,0.31
2020-12-10 01:21:24,0.31
2020-12-10 01:21:34,0.3
2020-12-10 01:21:44,0.3
2020-12-10 01:21:54,0.32
2020-12-10 01:22:04,0.35
2020-12-10 01:22:14,0.33
2020-12-10 01:22:24,0.36
2020-12-10 01:22:34,0.35
2020-12-10 01:22:44,0.34
2020-12-10 01:22:54,0.37
2020-12-10 01:23:04,0.35
2020-12-10 01:23:14,0.33
2020-12-10 01:23:24,0.35
2020-12-10 01:23:34,0.34
2020-12-10 01:23:44,0.37
2020-12-10 01:23:54,0.34
2020-12-10 01:24:04,0.33
2020-12-10 01:24:14,0.36
2020-12-10 01:24:24,0.35
2020-12-10 01:24:34,0.33
2020-12-10 01:24:44,0.36
2020-12-10 01:24:54,0.36
2020-12-10 01:25:04,0.35
2020-12-10 01:25:14,0.35
2020-12-10 01:25:24,0.34
2020-12-10 01:25:34,0.3
2020-12-10 01:25:44,0.31
2020-12-10 01:25:54,0.29
2020-12-10 01:26:04,0.3
2020-12-10 01:26:14,0.31
2020-12-10 01:26:24,0.28
2020-12-10 01:26:34,0.29
2020-12-10 01:26:44,0.3
2020-12-10 01:26:54,0.31
2020-12-10 01:27:04,0.3
2020-12-10 01:27:14,0.31
2020-12-10 01:27:24,0.3
2020-12-10 01:27:34,0.3
2020-12-10 01:27:44,0.28
2020-12-10 01:27:54,0.29
2020-12-10 01:28:04,0.31
2020-12-10 01:28:14,0.3
2020-12-10 01:28:24,0.29
2020-12-10 01:28:34,0.31
2020-12-10 01:28:44,0.3
2020-12-10 01:28:54,0.3
2020-12-10 01:29:04,0.3
2020-12-10 01:29:14,0.28
2020-12-10 01:29:24,0.29
2020-12-10 01:29:34,0.3
2020-12-10 01:29:44,0.31
2020-12-10 01:29:54,0.29
2020-12-10 01:30:04,0.28
2020-12-10 01:30:14,0.29
2020-12-10 01:30:24,0.29
2020-12-10 01:30:34,0.29
2020-12-10 01:30:44,0.29
2020-12-10 01:30:54,0.31
2020-12-10 01:31:04,0.31
2020-12-10 01:31:14,0.3
2020-12-10 01:31:24,0.27
2020-12-10 01:31:34,0.32
2020-12-10 01:31:44,0.29
2020-12-10 01:31:54,0.28
2020-12-10 01:32:04,0.3
2020-12-10 01:32:14,0.29
2020-12-10 01:32:24,0.3
2020-12-10 01:32:34,0.31
2020-12-10 01:32:44,0.31
2020-12-10 01:32:54,0.29
2020-12-10 01:33:04,0.29
2020-12-10 01:33:14,0.3
2020-12-10 01:33:24,0.3
2020-12-10 01:33:34,0.28
2020-12-10 01:33:44,0.3
2020-12-10 01:33:54,0.29
2020-12-10 01:34:04,0.32
2020-12-10 01:34:14,0.3
2020-12-10 01:34:24,0.28
2020-12-10 01:34:34,0.29
2020-12-10 01:34:44,0.31
2020-12-10 01:34:54,0.28
2020-12-10 01:35:04,0.31
2020-12-10 01:35:14,0.31
2020-12-10 01:35:24,0.29
2020-12-10 01:35:34,0.32
2020-12-10 01:35:44,0.31
2020-12-10 01:35:54,0.31
2020-12-10 01:36:04,0.31
2020-12-10 01:36:14,0.29
2020-12-10 01:36:24,0.31
2020-12-10 01:36:34,0.31
2020-12-10 01:36:44,0.3
2020-12-10 01:36:54,0.33
2020-12-10 01:37:04,0.35
2020-12-10 01:37:14,0.34
2020-12-10 01:37:24,0.36
2020-12-10 01:37:34,0.34
2020-12-10 01:37:44,0.34
2020-12-10 01:37:54,0.33
2020-12-10 01:38:04,0.33
2020-12-10 01:38:14,0.35
2020-12-10 01:38:24,0.35
2020-12-10 01:38:34,0.34
2020-12-10 01:38:44,0.32
2020-12-10 01:38:54,0.34
2020-12-10 01:39:04,0.35
2020-12-10 01:39:14,0.33
2020-12-10 01:39:24,0.34
2020-12-10 01:39:34,0.33
2020-12-10 01:39:44,0.34
2020-12-10 01:39:54,0.34
2020-12-10 01:40:04,0.36
2020-12-10 01:40:14,0.35
2020-12-10 01:40:24,0.37
2020-12-10 01:40:34,0.36
2020-12-10 01:40:44,0.33
2020-12-10 01:40:54,0.35
2020-12-10 01:41:04,0.34
2020-12-10 01:41:14,0.35
2020-12-10 01:41:24,0.35
2020-12-10 01:41:34,0.39
2020-12-10 01:41:44,0.32
2020-12-10 01:41:54,0.34
2020-12-10 01:42:04,0.34
2020-12-10 01:42:14,0.31
2020-12-10 01:42:24,0.33
2020-12-10 01:42:34,0.31
2020-12-10 01:42:44,0.32
2020-12-10 01:42:54,0.29
2020-12-10 01:43:04,0.32
2020-12-10 01:43:14,0.29
2020-12-10 01:43:24,0.3
2020-12-10 01:43:34,0.29
2020-12-10 01:43:44,0.29
2020-12-10 01:43:54,0.29
2020-12-10 01:44:04,0.3
2020-12-10 01:44:14,0.3
2020-12-10 01:44:24,0.3
2020-12-10 01:44:34,0.33
2020-12-10 01:44:44,0.28
2020-12-10 01:44:54,0.31
2020-12-10 01:45:04,0.3
2020-12-10 01:45:14,0.28
2020-12-10 01:45:24,0.29
2020-12-10 01:45:34,0.3
2020-12-10 01:45:44,0.3
2020-12-10 01:45:54,0.29
2020-12-10 01:46:04,0.3
2020-12-10 01:46:14,0.31
2020-12-10 01:46:24,0.3
2020-12-10 01:46:34,0.3
2020-12-10 01:46:44,0.3
2020-12-10 01:46:54,0.31
2020-12-10 01:47:04,0.3
2020-12-10 01:47:14,0.29
2020-12-10 01:47:24,0.29
2020-12-10 01:47:34,0.3
2020-12-10 01:47:44,0.3
2020-12-10 01:47:54,0.3
2020-12-10 01:48:04,0.29
2020-12-10 01:48:14,0.31
2020-12-10 01:48:24,0.28
2020-12-10 01:48:34,0.29
2020-12-10 01:48:44,0.3
2020-12-10 01:48:54,0.28
2020-12-10 01:49:04,0.28
2020-12-10 01:49:14,0.3
2020-12-10 01:49:24,0.29
2020-12-10 01:49:34,0.28
2020-12-10 01:49:44,0.28
2020-12-10 01:49:54,0.31
2020-12-10 01:50:04,0.3
2020-12-10 01:50:14,0.3
2020-12-10 01:50:24,0.29
2020-12-10 01:50:34,0.31
2020-12-10 01:50:44,0.31
2020-12-10 01:50:54,0.3
2020-12-10 01:51:04,0.3
2020-12-10 01:51:14,0.32
2020-12-10 01:51:24,0.3
2020-12-10 01:51:34,0.31
2020-12-10 01:51:44,0.31
2020-12-10 01:51:54,0.3
2020-12-10 01:52:04,0.29
2020-12-10 01:52:14,0.3
2020-12-10 01:52:24,0.3
2020-12-10 01:52:34,0.31
2020-12-10 01:52:44,0.31
2020-12-10 01:52:54,0.32
2020-12-10 01:53:04,0.35
2020-12-10 01:53:14,0.35
2020-12-10 01:53:24,0.33
2020-12-10 01:53:34,0.34
2020-12-10 01:53:44,0.36
2020-12-10 01:53:54,0.34
2020-12-10 01:54:04,0.36
2020-12-10 01:54:14,0.35
2020-12-10 01:54:24,0.35
2020-12-10 01:54:34,0.35
2020-12-10 01:54:44,0.35
2020-12-10 01:54:54,0.34
2020-12-10 01:55:04,0.35
2020-12-10 01:55:14,0.35
2020-12-10 01:55:24,0.33
2020-12-10 01:55:34,0.34
2020-12-10 01:55:44,0.34
2020-12-10 01:55:54,0.35
2020-12-10 01:56:04,0.31
2020-12-10 01:56:14,0.3
2020-12-10 01:56:24,0.31
2020-12-10 01:56:34,0.33
2020-12-10 01:56:44,0.31
2020-12-10 01:56:54,0.31
2020-12-10 01:57:04,0.31
2020-12-10 01:57:14,0.32
2020-12-10 01:57:24,0.31
2020-12-10 01:57:34,0.32
2020-12-10 01:57:44,0.35
2020-12-10 01:57:54,0.35
2020-12-10 01:58:04,0.31
2020-12-10 01:58:14,0.32
2020-12-10 01:58:24,0.31
2020-12-10 01:58:34,0.33
2020-12-10 01:58:44,0.3
2020-12-10 01:58:54,0.35
2020-12-10 01:59:04,0.31
2020-12-10 01:59:14,0.3
2020-12-10 01:59:24,0.31
2020-12-10 01:59:34,0.29
2020-12-10 01:59:44,0.31
2020-12-10 01:59:54,0.3
2020-12-10 02:00:04,0.3
2020-12-10 02:00:14,0.32
2020-12-10 02:00:24,0.31
2020-12-10 02:00:34,0.29
2020-12-10 02:00:44,0.29
2020-12-10 02:00:54,0.3
2020-12-10 02:01:04,0.3
2020-12-10 02:01:14,0.29
2020-12-10 02:01:24,0.29
2020-12-10 02:01:34,0.3
2020-12-10 02:01:44,0.29
2020-12-10 02:01:54,0.3
2020-12-10 02:02:04,0.29
2020-12-10 02:02:14,0.32
2020-12-10 02:02:24,0.3
2020-12-10 02:02:34,0.29
2020-12-10 02:02:44,0.29
2020-12-10 02:02:54,0.29
2020-12-10 02:03:04,0.29
2020-12-10 02:03:14,0.32
2020-12-10 02:03:24,0.32
2020-12-10 02:03:34,0.31
2020-12-10 02:03:44,0.3
2020-12-10 02:03:54,0.3
2020-12-10 02:04:04,0.29
2020-12-10 02:04:14,0.3
2020-12-10 02:04:24,0.29
2020-12-10 02:04:34,0.29
2020-12-10 02:04:44,0.29
2020-12-10 02:04:54,0.28
2020-12-10 02:05:04,0.29
2020-12-10 02:05:14,0.29
2020-12-10 02:05:24,0.3
2020-12-10 02:05:34,0.28
2020-12-10 02:05:44,0.28
2020-12-10 02:05:54,0.3
2020-12-10 02:06:04,0.3
2020-12-10 02:06:14,0.29
2020-12-10 02:06:24,0.29
2020-12-10 02:06:34,0.3
2020-12-10 02:06:44,0.29
2020-12-10 02:06:54,0.3
2020-12-10 02:07:04,0.31
2020-12-10 02:07:14,0.3
2020-12-10 02:07:24,0.3
2020-12-10 02:07:34,0.32
2020-12-10 02:07:44,0.3
2020-12-10 02:07:54,0.3
2020-12-10 02:08:04,0.32
2020-12-10 02:08:14,0.3
2020-12-10 02:08:24,0.34
2020-12-10 02:08:34,0.34
2020-12-10 02:08:44,0.36
2020-12-10 02:08:54,0.36
2020-12-10 02:09:04,0.34
2020-12-10 02:09:14,0.35
2020-12-10 02:09:24,0.33
2020-12-10 02:09:34,0.35
2020-12-10 02:09:44,0.34
2020-12-10 02:09:54,0.32
2020-12-10 02:10:04,0.34
2020-12-10 02:10:14,0.33
2020-12-10 02:10:24,0.33
2020-12-10 02:10:34,0.34
2020-12-10 02:10:44,0.37
2020-12-10 02:10:54,0.37
2020-12-10 02:11:04,0.34
2020-12-10 02:11:14,0.34
2020-12-10 02:11:24,0.36
2020-12-10 02:11:34,0.29
2020-12-10 02:11:44,0.29
2020-12-10 02:11:54,0.31
2020-12-10 02:12:04,0.3
2020-12-10 02:12:14,0.31
2020-12-10 02:12:24,0.31
2020-12-10 02:12:34,0.3
2020-12-10 02:12:44,0.31
2020-12-10 02:12:54,0.3
2020-12-10 02:13:04,0.3
2020-12-10 02:13:14,0.31
2020-12-10 02:13:24,0.31
2020-12-10 02:13:34,0.31
2020-12-10 02:13:44,0.3
2020-12-10 02:13:54,0.31
2020-12-10 02:14:04,0.32
2020-12-10 02:14:14,0.31
2020-12-10 02:14:24,0.32
2020-12-10 02:14:34,0.31
2020-12-10 02:14:44,0.31
2020-12-10 02:14:54,0.33
2020-12-10 02:15:04,0.35
2020-12-10 02:15:14,0.31
2020-12-10 02:15:24,0.29
2020-12-10 02:15:34,0.3
2020-12-10 02:15:44,0.31
2020-12-10 02:15:54,0.3
2020-12-10 02:16:04,0.29
2020-12-10 02:16:14,0.3
2020-12-10 02:16:24,0.32
2020-12-10 02:16:34,0.3
2020-12-10 02:16:44,0.32
2020-12-10 02:16:54,0.31
2020-12-10 02:17:04,0.32
2020-12-10 02:17:14,0.29
2020-12-10 02:17:24,0.3
2020-12-10 02:17:34,0.29
2020-12-10 02:17:44,0.3
2020-12-10 02:17:54,0.3
2020-12-10 02:18:04,0.31
2020-12-10 02:18:14,0.32
2020-12-10 02:18:24,0.3
2020-12-10 02:18:34,0.31
2020-12-10 02:18:44,0.29
2020-12-10 02:18:54,0.32
2020-12-10 02:19:04,0.3
2020-12-10 02:19:14,0.29
2020-12-10 02:19:24,0.32
2020-12-10 02:19:34,0.31
2020-12-10 02:19:44,0.29
2020-12-10 02:19:54,0.3
2020-12-10 02:20:04,0.3
2020-12-10 02:20:14,0.29
2020-12-10 02:20:24,0.3
2020-12-10 02:20:34,0.31
2020-12-10 02:20:44,0.33
2020-12-10 02:20:54,0.29
2020-12-10 02:21:04,0.28
2020-12-10 02:21:14,0.32
2020-12-10 02:21:24,0.31
2020-12-10 02:21:34,0.31
2020-12-10 02:21:44,0.29
2020-12-10 02:21:54,0.29
2020-12-10 02:22:04,0.32
2020-12-10 02:22:14,0.29
2020-12-10 02:22:24,0.3
2020-12-10 02:22:34,0.3
2020-12-10 02:22:44,0.31
2020-12-10 02:22:54,0.29
2020-12-10 02:23:04,0.31
2020-12-10 02:23:14,0.31
2020-12-10 02:23:24,0.32
2020-12-10 02:23:34,0.32
2020-12-10 02:23:44,0.32
2020-12-10 02:23:54,0.35
2020-12-10 02:24:04,0.3
2020-12-10 02:24:14,0.3
2020-12-10 02:24:24,0.32
2020-12-10 02:24:34,0.36
2020-12-10 02:24:44,0.35
2020-12-10 02:24:54,0.37
2020-12-10 02:25:04,0.36
2020-12-10 02:25:14,0.36
2020-12-10 02:25:24,0.36
2020-12-10 02:25:34,0.31
2020-12-10 02:25:44,0.29
2020-12-10 02:25:54,0.31
2020-12-10 02:26:04,0.31
2020-12-10 02:26:14,0.3
2020-12-10 02:26:24,0.33
2020-12-10 02:26:34,0.31
2020-12-10 02:26:44,0.29
2020-12-10 02:26:54,0.31
2020-12-10 02:27:04,0.3
2020-12-10 02:27:14,0.3
2020-12-10 02:27:24,0.3
2020-12-10 02:27:34,0.31
2020-12-10 02:27:44,0.29
2020-12-10 02:27:54,0.3
2020-12-10 02:28:04,0.31
2020-12-10 02:28:14,0.31
2020-12-10 02:28:24,0.3
2020-12-10 02:28:34,0.36
2020-12-10 02:28:44,0.31
2020-12-10 02:28:54,0.33
2020-12-10 02:29:04,0.3
2020-12-10 02:29:14,0.32
2020-12-10 02:29:24,0.29
2020-12-10 02:29:34,0.31
2020-12-10 02:29:44,0.3
2020-12-10 02:29:54,0.29
2020-12-10 02:30:04,0.32
2020-12-10 02:30:14,0.29
2020-12-10 02:30:24,0.3
2020-12-10 02:30:34,0.31
2020-12-10 02:30:44,0.33
2020-12-10 02:30:54,0.29
2020-12-10 02:31:04,0.3
2020-12-10 02:31:14,0.31
2020-12-10 02:31:24,0.29
2020-12-10 02:31:34,0.31
2020-12-10 02:31:44,0.3
2020-12-10 02:31:54,0.31
2020-12-10 02:32:04,0.3
2020-12-10 02:32:14,0.3
2020-12-10 02:32:24,0.3
2020-12-10 02:32:34,0.3
2020-12-10 02:32:44,0.28
2020-12-10 02:32:54,0.31
2020-12-10 02:33:04,0.31
2020-12-10 02:33:14,0.3
2020-12-10 02:33:24,0.29
2020-12-10 02:33:34,0.3
2020-12-10 02:33:44,0.3
2020-12-10 02:33:54,0.28
2020-12-10 02:34:04,0.31
2020-12-10 02:34:14,0.3
2020-12-10 02:34:24,0.29
2020-12-10 02:34:34,0.3
2020-12-10 02:34:44,0.32
2020-12-10 02:34:54,0.31
2020-12-10 02:35:04,0.29
2020-12-10 02:35:14,0.32
2020-12-10 02:35:24,0.32
2020-12-10 02:35:34,0.33
2020-12-10 02:35:44,0.3
2020-12-10 02:35:54,0.31
2020-12-10 02:36:04,0.3
2020-12-10 02:36:14,0.3
2020-12-10 02:36:24,0.31
2020-12-10 02:36:34,0.3
2020-12-10 02:36:44,0.31
2020-12-10 02:36:54,0.31
2020-12-10 02:37:04,0.31
2020-12-10 02:37:14,0.31
2020-12-10 02:37:24,0.3
2020-12-10 02:37:34,0.3
2020-12-10 02:37:44,0.32
2020-12-10 02:37:54,0.33
2020-12-10 02:38:04,0.3
2020-12-10 02:38:14,0.29
2020-12-10 02:38:24,0.32
2020-12-10 02:38:34,0.32
2020-12-10 02:38:44,0.32
2020-12-10 02:38:54,0.3
2020-12-10 02:39:04,0.31
2020-12-10 02:39:14,0.34
2020-12-10 02:39:24,0.3
2020-12-10 02:39:34,0.34
2020-12-10 02:39:44,0.36
2020-12-10 02:39:54,0.36
2020-12-10 02:40:04,0.37
2020-12-10 02:40:14,0.37
2020-12-10 02:40:24,0.36
2020-12-10 02:40:34,0.36
2020-12-10 02:40:44,0.37
2020-12-10 02:40:54,0.36
2020-12-10 02:41:04,0.35
2020-12-10 02:41:14,0.36
2020-12-10 02:41:24,0.36
2020-12-10 02:41:34,0.36
2020-12-10 02:41:44,0.37
2020-12-10 02:41:54,0.34
2020-12-10 02:42:04,0.38
2020-12-10 02:42:14,0.33
2020-12-10 02:42:24,0.35
2020-12-10 02:42:34,0.34
2020-12-10 02:42:44,0.38
2020-12-10 02:42:54,0.31
2020-12-10 02:43:04,0.34
2020-12-10 02:43:14,0.33
2020-12-10 02:43:24,0.34
2020-12-10 02:43:34,0.37
2020-12-10 02:43:44,0.33
2020-12-10 02:43:54,0.32
2020-12-10 02:44:04,0.32
2020-12-10 02:44:14,0.32
2020-12-10 02:44:24,0.32
2020-12-10 02:44:34,0.32
2020-12-10 02:44:44,0.31
2020-12-10 02:44:54,0.31
2020-12-10 02:45:04,0.3
2020-12-10 02:45:14,0.32
2020-12-10 02:45:24,0.33
2020-12-10 02:45:34,0.36
2020-12-10 02:45:44,0.32
2020-12-10 02:45:54,0.3
2020-12-10 02:46:04,0.3
2020-12-10 02:46:14,0.31
2020-12-10 02:46:24,0.32
2020-12-10 02:46:34,0.29
2020-12-10 02:46:44,0.33
2020-12-10 02:46:54,0.3
2020-12-10 02:47:04,0.29
2020-12-10 02:47:14,0.32
2020-12-10 02:47:24,0.3
2020-12-10 02:47:34,0.3
2020-12-10 02:47:44,0.3
2020-12-10 02:47:54,0.33
2020-12-10 02:48:04,0.3
2020-12-10 02:48:14,0.28
2020-12-10 02:48:24,0.3
2020-12-10 02:48:34,0.29
2020-12-10 02:48:44,0.29
2020-12-10 02:48:54,0.29
2020-12-10 02:49:04,0.32
2020-12-10 02:49:14,0.3
2020-12-10 02:49:24,0.3
2020-12-10 02:49:34,0.29
2020-12-10 02:49:44,0.31
2020-12-10 02:49:54,0.3
2020-12-10 02:50:04,0.3
2020-12-10 02:50:14,0.31
2020-12-10 02:50:24,0.31
2020-12-10 02:50:34,0.29
2020-12-10 02:50:44,0.31
2020-12-10 02:50:54,0.31
2020-12-10 02:51:04,0.31
2020-12-10 02:51:14,0.3
2020-12-10 02:51:24,0.32
2020-12-10 02:51:34,0.3
2020-12-10 02:51:44,0.31
2020-12-10 02:51:54,0.29
2020-12-10 02:52:04,0.32
2020-12-10 02:52:14,0.31
2020-12-10 02:52:24,0.31
2020-12-10 02:52:34,0.3
2020-12-10 02:52:44,0.32
2020-12-10 02:52:54,0.32
2020-12-10 02:53:04,0.32
2020-12-10 02:53:14,0.33
2020-12-10 02:53:24,0.32
2020-12-10 02:53:34,0.32
2020-12-10 02:53:44,0.3
2020-12-10 02:53:54,0.33
2020-12-10 02:54:04,0.32
2020-12-10 02:54:14,0.31
2020-12-10 02:54:24,0.32
2020-12-10 02:54:34,0.33
2020-12-10 02:54:44,0.32
2020-12-10 02:54:54,0.33
2020-12-10 02:55:04,0.33
2020-12-10 02:55:14,0.33
2020-12-10 02:55:24,0.36
2020-12-10 02:55:34,0.35
2020-12-10 02:55:44,0.36
2020-12-10 02:55:54,0.38
2020-12-10 02:56:04,0.36
2020-12-10 02:56:14,0.35
2020-12-10 02:56:24,0.35
2020-12-10 02:56:34,0.36
2020-12-10 02:56:44,0.33
2020-12-10 02:56:54,0.37
2020-12-10 02:57:04,0.36
2020-12-10 02:57:14,0.35
2020-12-10 02:57:24,0.36
2020-12-10 02:57:34,0.36
2020-12-10 02:57:44,0.36
2020-12-10 02:57:54,0.36
2020-12-10 02:58:04,0.36
2020-12-10 02:58:14,0.34
2020-12-10 02:58:24,0.33
2020-12-10 02:58:34,0.3
2020-12-10 02:58:44,0.34
2020-12-10 02:58:54,0.32
2020-12-10 02:59:04,0.32
2020-12-10 02:59:14,0.31
2020-12-10 02:59:24,0.31
2020-12-10 02:59:34,0.34
2020-12-10 02:59:44,0.31
2020-12-10 02:59:54,0.32
2020-12-10 03:00:04,0.32
2020-12-10 03:00:14,0.32
2020-12-10 03:00:24,0.31
2020-12-10 03:00:34,0.3
2020-12-10 03:00:44,0.33
2020-12-10 03:00:54,0.33
2020-12-10 03:01:04,0.3
2020-12-10 03:01:14,0.32
2020-12-10 03:01:24,0.35
2020-12-10 03:01:34,0.33
2020-12-10 03:01:44,0.31
2020-12-10 03:01:54,0.32
2020-12-10 03:02:04,0.31
2020-12-10 03:02:14,0.3
2020-12-10 03:02:24,0.33
2020-12-10 03:02:34,0.31
2020-12-10 03:02:44,0.32
2020-12-10 03:02:54,0.32
2020-12-10 03:03:04,0.31
2020-12-10 03:03:14,0.31
2020-12-10 03:03:24,0.33
2020-12-10 03:03:34,0.33
2020-12-10 03:03:44,0.32
2020-12-10 03:03:54,0.33
2020-12-10 03:04:04,0.32
2020-12-10 03:04:14,0.32
2020-12-10 03:04:24,0.31
2020-12-10 03:04:34,0.33
2020-12-10 03:04:44,0.31
2020-12-10 03:04:54,0.32
2020-12-10 03:05:04,0.32
2020-12-10 03:05:14,0.31
2020-12-10 03:05:24,0.3
2020-12-10 03:05:34,0.32
2020-12-10 03:05:44,0.32
2020-12-10 03:05:54,0.3
2020-12-10 03:06:04,0.32
2020-12-10 03:06:14,0.32
2020-12-10 03:06:24,0.32
2020-12-10 03:06:34,0.31
2020-12-10 03:06:44,0.31
2020-12-10 03:06:54,0.31
2020-12-10 03:07:04,0.34
2020-12-10 03:07:14,0.32
2020-12-10 03:07:24,0.32
2020-12-10 03:07:34,0.32
2020-12-10 03:07:44,0.3
2020-12-10 03:07:54,0.32
2020-12-10 03:08:04,0.31
2020-12-10 03:08:14,0.31
2020-12-10 03:08:24,0.32
2020-12-10 03:08:34,0.3
2020-12-10 03:08:44,0.3
2020-12-10 03:08:54,0.31
2020-12-10 03:09:04,0.31
2020-12-10 03:09:14,0.31
2020-12-10 03:09:24,0.32
2020-12-10 03:09:34,0.32
2020-12-10 03:09:44,0.31
2020-12-10 03:09:54,0.34
2020-12-10 03:10:04,0.33
2020-12-10 03:10:14,0.32
2020-12-10 03:10:24,0.36
2020-12-10 03:10:34,0.38
2020-12-10 03:10:44,0.38
2020-12-10 03:10:54,0.38
2020-12-10 03:11:04,0.32
2020-12-10 03:11:14,0.34
2020-12-10 03:11:24,0.35
2020-12-10 03:11:34,0.35
2020-12-10 03:11:44,0.36
2020-12-10 03:11:54,0.37
2020-12-10 03:12:04,0.37
2020-12-10 03:12:14,0.33
2020-12-10 03:12:24,0.32
2020-12-10 03:12:34,0.32
2020-12-10 03:12:44,0.3
2020-12-10 03:12:54,0.29
2020-12-10 03:13:04,0.32
2020-12-10 03:13:14,0.32
2020-12-10 03:13:24,0.33
2020-12-10 03:13:34,0.32
2020-12-10 03:13:44,0.32
2020-12-10 03:13:54,0.3
2020-12-10 03:14:04,0.29
2020-12-10 03:14:14,0.32
2020-12-10 03:14:24,0.32
2020-12-10 03:14:34,0.31
2020-12-10 03:14:44,0.29
2020-12-10 03:14:54,0.32
2020-12-10 03:15:04,0.32
2020-12-10 03:15:14,0.3
2020-12-10 03:15:24,0.34
2020-12-10 03:15:34,0.32
2020-12-10 03:15:44,0.32
2020-12-10 03:15:54,0.32
2020-12-10 03:16:04,0.33
2020-12-10 03:16:14,0.37
2020-12-10 03:16:24,0.33
2020-12-10 03:16:34,0.3
2020-12-10 03:16:44,0.31
2020-12-10 03:16:54,0.32
2020-12-10 03:17:04,0.32
2020-12-10 03:17:14,0.33
2020-12-10 03:17:24,0.31
2020-12-10 03:17:34,0.34
2020-12-10 03:17:44,0.3
2020-12-10 03:17:54,0.32
2020-12-10 03:18:04,0.32
2020-12-10 03:18:14,0.31
2020-12-10 03:18:24,0.31
2020-12-10 03:18:34,0.32
2020-12-10 03:18:44,0.32
2020-12-10 03:18:54,0.35
2020-12-10 03:19:04,0.33
2020-12-10 03:19:14,0.31
2020-12-10 03:19:24,0.31
2020-12-10 03:19:34,0.3
2020-12-10 03:19:44,0.33
2020-12-10 03:19:54,0.3
2020-12-10 03:20:04,0.33
2020-12-10 03:20:14,0.31
2020-12-10 03:20:24,0.32
2020-12-10 03:20:34,0.33
2020-12-10 03:20:44,0.32
2020-12-10 03:20:54,0.32
2020-12-10 03:21:04,0.3
2020-12-10 03:21:14,0.3
2020-12-10 03:21:24,0.31
2020-12-10 03:21:34,0.31
2020-12-10 03:21:44,0.31
2020-12-10 03:21:54,0.31
2020-12-10 03:22:04,0.31
2020-12-10 03:22:14,0.31
2020-12-10 03:22:24,0.31
2020-12-10 03:22:34,0.29
2020-12-10 03:22:44,0.33
2020-12-10 03:22:54,0.32
2020-12-10 03:23:04,0.32
2020-12-10 03:23:14,0.31
2020-12-10 03:23:24,0.32
2020-12-10 03:23:34,0.32
2020-12-10 03:23:44,0.32
2020-12-10 03:23:54,0.31
2020-12-10 03:24:04,0.32
2020-12-10 03:24:14,0.3
2020-12-10 03:24:24,0.32
2020-12-10 03:24:34,0.3
2020-12-10 03:24:44,0.31
2020-12-10 03:24:54,0.31
2020-12-10 03:25:04,0.3
2020-12-10 03:25:14,0.31
2020-12-10 03:25:24,0.33
2020-12-10 03:25:34,0.31
2020-12-10 03:25:44,0.32
2020-12-10 03:25:54,0.33
2020-12-10 03:26:04,0.35
2020-12-10 03:26:14,0.35
2020-12-10 03:26:24,0.35
2020-12-10 03:26:34,0.38
2020-12-10 03:26:44,0.38
2020-12-10 03:26:54,0.36
2020-12-10 03:27:04,0.36
2020-12-10 03:27:14,0.37
2020-12-10 03:27:24,0.34
2020-12-10 03:27:34,0.36
2020-12-10 03:27:44,0.34
2020-12-10 03:27:54,0.35
2020-12-10 03:28:04,0.31
2020-12-10 03:28:14,0.33
2020-12-10 03:28:24,0.31
2020-12-10 03:28:34,0.31
2020-12-10 03:28:44,0.32
2020-12-10 03:28:54,0.34
2020-12-10 03:29:04,0.35
2020-12-10 03:29:14,0.31
2020-12-10 03:29:24,0.34
2020-12-10 03:29:34,0.32
2020-12-10 03:29:44,0.32
2020-12-10 03:29:54,0.34
2020-12-10 03:30:04,0.31
2020-12-10 03:30:14,0.32
2020-12-10 03:30:24,0.33
2020-12-10 03:30:34,0.32
2020-12-10 03:30:44,0.31
2020-12-10 03:30:54,0.35
2020-12-10 03:31:04,0.35
2020-12-10 03:31:14,0.31
2020-12-10 03:31:24,0.32
2020-12-10 03:31:34,0.3
2020-12-10 03:31:44,0.31
2020-12-10 03:31:54,0.32
2020-12-10 03:32:04,0.34
2020-12-10 03:32:14,0.32
2020-12-10 03:32:24,0.33
2020-12-10 03:32:34,0.3
2020-12-10 03:32:44,0.32
2020-12-10 03:32:54,0.34
2020-12-10 03:33:04,0.36
2020-12-10 03:33:14,0.32
2020-12-10 03:33:24,0.32
2020-12-10 03:33:34,0.32
2020-12-10 03:33:44,0.3
2020-12-10 03:33:54,0.34
2020-12-10 03:34:04,0.31
2020-12-10 03:34:14,0.3
2020-12-10 03:34:24,0.32
2020-12-10 03:34:34,0.32
2020-12-10 03:34:44,0.31
2020-12-10 03:34:54,0.32
2020-12-10 03:35:04,0.31
2020-12-10 03:35:14,0.32
2020-12-10 03:35:24,0.29
2020-12-10 03:35:34,0.32
2020-12-10 03:35:44,0.32
2020-12-10 03:35:54,0.3
2020-12-10 03:36:04,0.31
2020-12-10 03:36:14,0.32
2020-12-10 03:36:24,0.3
2020-12-10 03:36:34,0.31
2020-12-10 03:36:44,0.3
2020-12-10 03:36:54,0.31
2020-12-10 03:37:04,0.31
2020-12-10 03:37:14,0.32
2020-12-10 03:37:24,0.34
2020-12-10 03:37:34,0.33
2020-12-10 03:37:44,0.29
2020-12-10 03:37:54,0.31
2020-12-10 03:38:04,0.33
2020-12-10 03:38:14,0.32
2020-12-10 03:38:24,0.31
2020-12-10 03:38:34,0.3
2020-12-10 03:38:44,0.31
2020-12-10 03:38:54,0.32
2020-12-10 03:39:04,0.3
2020-12-10 03:39:14,0.31
2020-12-10 03:39:24,0.31
2020-12-10 03:39:34,0.31
2020-12-10 03:39:44,0.3
2020-12-10 03:39:54,0.31
2020-12-10 03:40:04,0.32
2020-12-10 03:40:14,0.29
2020-12-10 03:40:24,0.31
2020-12-10 03:40:34,0.31
2020-12-10 03:40:44,0.34
2020-12-10 03:40:54,0.3
2020-12-10 03:41:04,0.31
2020-12-10 03:41:14,0.31
2020-12-10 03:41:24,0.31
2020-12-10 03:41:34,0.31
2020-12-10 03:41:44,0.33
2020-12-10 03:41:54,0.31
2020-12-10 03:42:04,0.31
2020-12-10 03:42:14,0.33
2020-12-10 03:42:24,0.35
2020-12-10 03:42:34,0.31
2020-12-10 03:42:44,0.34
2020-12-10 03:42:54,0.36
2020-12-10 03:43:04,0.37
2020-12-10 03:43:14,0.38
2020-12-10 03:43:24,0.31
2020-12-10 03:43:34,0.32
2020-12-10 03:43:44,0.33
2020-12-10 03:43:54,0.31
2020-12-10 03:44:04,0.33
2020-12-10 03:44:14,0.31
2020-12-10 03:44:24,0.32
2020-12-10 03:44:34,0.31
2020-12-10 03:44:44,0.31
2020-12-10 03:44:54,0.34
2020-12-10 03:45:04,0.3
2020-12-10 03:45:14,0.32
2020-12-10 03:45:24,0.32
2020-12-10 03:45:34,0.33
2020-12-10 03:45:44,0.33
2020-12-10 03:45:54,0.32
2020-12-10 03:46:04,0.32
2020-12-10 03:46:14,0.32
2020-12-10 03:46:24,0.32
2020-12-10 03:46:34,0.3
2020-12-10 03:46:44,0.31
2020-12-10 03:46:54,0.32
2020-12-10 03:47:04,0.34
2020-12-10 03:47:14,0.33
2020-12-10 03:47:24,0.33
2020-12-10 03:47:34,0.33
2020-12-10 03:47:44,0.33
2020-12-10 03:47:54,0.33
2020-12-10 03:48:04,0.33
2020-12-10 03:48:14,0.34
2020-12-10 03:48:24,0.31
2020-12-10 03:48:34,0.33
2020-12-10 03:48:44,0.33
2020-12-10 03:48:54,0.34
2020-12-10 03:49:04,0.34
2020-12-10 03:49:14,0.34
2020-12-10 03:49:24,0.35
2020-12-10 03:49:34,0.31
2020-12-10 03:49:44,0.31
2020-12-10 03:49:54,0.34
2020-12-10 03:50:04,0.35
2020-12-10 03:50:14,0.35
2020-12-10 03:50:24,0.33
2020-12-10 03:50:34,0.33
2020-12-10 03:50:44,0.33
2020-12-10 03:50:54,0.33
2020-12-10 03:51:04,0.32
2020-12-10 03:51:14,0.34
2020-12-10 03:51:24,0.34
2020-12-10 03:51:34,0.33
2020-12-10 03:51:44,0.33
2020-12-10 03:51:54,0.34
2020-12-10 03:52:04,0.32
2020-12-10 03:52:14,0.32
2020-12-10 03:52:24,0.34
2020-12-10 03:52:34,0.34
2020-12-10 03:52:44,0.33
2020-12-10 03:52:54,0.32
2020-12-10 03:53:04,0.34
2020-12-10 03:53:14,0.32
2020-12-10 03:53:24,0.32
2020-12-10 03:53:34,0.34
2020-12-10 03:53:44,0.33
2020-12-10 03:53:54,0.34
2020-12-10 03:54:04,0.32
2020-12-10 03:54:14,0.32
2020-12-10 03:54:24,0.33
2020-12-10 03:54:34,0.3
2020-12-10 03:54:44,0.3
2020-12-10 03:54:54,0.33
2020-12-10 03:55:04,0.33
2020-12-10 03:55:14,0.31
2020-12-10 03:55:24,0.34
2020-12-10 03:55:34,0.32
2020-12-10 03:55:44,0.33
2020-12-10 03:55:54,0.32
2020-12-10 03:56:04,0.31
2020-12-10 03:56:14,0.31
2020-12-10 03:56:24,0.33
2020-12-10 03:56:34,0.32
2020-12-10 03:56:44,0.32
2020-12-10 03:56:54,0.33
2020-12-10 03:57:04,0.32
2020-12-10 03:57:14,0.3
2020-12-10 03:57:24,0.32
2020-12-10 03:57:34,0.31
2020-12-10 03:57:44,0.33
2020-12-10 03:57:54,0.35
2020-12-10 03:58:04,0.31
2020-12-10 03:58:14,0.31
2020-12-10 03:58:24,0.34
2020-12-10 03:58:34,0.35
2020-12-10 03:58:44,0.36
2020-12-10 03:58:54,0.34
2020-12-10 03:59:04,0.35
2020-12-10 03:59:14,0.31
2020-12-10 03:59:24,0.32
2020-12-10 03:59:34,0.34
2020-12-10 03:59:44,0.34
2020-12-10 03:59:54,0.32
2020-12-10 04:00:04,0.31
2020-12-10 04:00:14,0.32
2020-12-10 04:00:24,0.32
2020-12-10 04:00:34,0.31
2020-12-10 04:00:44,0.33
2020-12-10 04:00:54,0.32
2020-12-10 04:01:04,0.34
2020-12-10 04:01:14,0.32
2020-12-10 04:01:24,0.33
2020-12-10 04:01:34,0.34
2020-12-10 04:01:44,0.35
2020-12-10 04:01:54,0.32
2020-12-10 04:02:04,0.33
2020-12-10 04:02:14,0.33
2020-12-10 04:02:24,0.33
2020-12-10 04:02:34,0.31
2020-12-10 04:02:44,0.32
2020-12-10 04:02:54,0.35
2020-12-10 04:03:04,0.34
2020-12-10 04:03:14,0.32
2020-12-10 04:03:24,0.32
2020-12-10 04:03:34,0.35
2020-12-10 04:03:44,0.33
2020-12-10 04:03:54,0.32
2020-12-10 04:04:04,0.34
2020-12-10 04:04:14,0.33
2020-12-10 04:04:24,0.33
2020-12-10 04:04:34,0.32
2020-12-10 04:04:44,0.33
2020-12-10 04:04:54,0.31
2020-12-10 04:05:04,0.33
2020-12-10 04:05:14,0.32
2020-12-10 04:05:24,0.32
2020-12-10 04:05:34,0.32
2020-12-10 04:05:44,0.32
2020-12-10 04:05:54,0.33
2020-12-10 04:06:04,0.32
2020-12-10 04:06:14,0.31
2020-12-10 04:06:24,0.33
2020-12-10 04:06:34,0.31
2020-12-10 04:06:44,0.33
2020-12-10 04:06:54,0.3
2020-12-10 04:07:04,0.32
2020-12-10 04:07:14,0.32
2020-12-10 04:07:24,0.32
2020-12-10 04:07:34,0.33
2020-12-10 04:07:44,0.33
2020-12-10 04:07:54,0.32
2020-12-10 04:08:04,0.31
2020-12-10 04:08:14,0.32
2020-12-10 04:08:24,0.33
2020-12-10 04:08:34,0.35
2020-12-10 04:08:44,0.31
2020-12-10 04:08:54,0.33
2020-12-10 04:09:04,0.32
2020-12-10 04:09:14,0.32
2020-12-10 04:09:24,0.34
2020-12-10 04:09:34,0.32
2020-12-10 04:09:44,0.33
2020-12-10 04:09:54,0.32
2020-12-10 04:10:04,0.31
2020-12-10 04:10:14,0.32
2020-12-10 04:10:24,0.34
2020-12-10 04:10:34,0.3
2020-12-10 04:10:44,0.31
2020-12-10 04:10:54,0.33
2020-12-10 04:11:04,0.32
2020-12-10 04:11:14,0.32
2020-12-10 04:11:24,0.36
2020-12-10 04:11:34,0.34
2020-12-10 04:11:44,0.31
2020-12-10 04:11:54,0.33
2020-12-10 04:12:04,0.33
2020-12-10 04:12:14,0.32
2020-12-10 04:12:24,0.32
2020-12-10 04:12:34,0.31
2020-12-10 04:12:44,0.32
2020-12-10 04:12:54,0.3
2020-12-10 04:13:04,0.31
2020-12-10 04:13:14,0.32
2020-12-10 04:13:24,0.33
2020-12-10 04:13:34,0.33
2020-12-10 04:13:44,0.31
2020-12-10 04:13:54,0.36
2020-12-10 04:14:04,0.33
2020-12-10 04:14:14,0.36
2020-12-10 04:14:24,0.35
2020-12-10 04:14:34,0.36
2020-12-10 04:14:44,0.33
2020-12-10 04:14:54,0.32
2020-12-10 04:15:04,0.32
2020-12-10 04:15:14,0.32
2020-12-10 04:15:24,0.31
2020-12-10 04:15:34,0.32
2020-12-10 04:15:44,0.33
2020-12-10 04:15:54,0.32
2020-12-10 04:16:04,0.33
2020-12-10 04:16:14,0.31
2020-12-10 04:16:24,0.32
2020-12-10 04:16:34,0.33
2020-12-10 04:16:44,0.34
2020-12-10 04:16:54,0.32
2020-12-10 04:17:04,0.33
2020-12-10 04:17:14,0.34
2020-12-10 04:17:24,0.34
2020-12-10 04:17:34,0.31
2020-12-10 04:17:44,0.33
2020-12-10 04:17:54,0.32
2020-12-10 04:18:04,0.31
2020-12-10 04:18:14,0.32
2020-12-10 04:18:24,0.31
2020-12-10 04:18:34,0.34
2020-12-10 04:18:44,0.33
2020-12-10 04:18:54,0.33
2020-12-10 04:19:04,0.32
2020-12-10 04:19:14,0.31
2020-12-10 04:19:24,0.33
2020-12-10 04:19:34,0.32
2020-12-10 04:19:44,0.33
2020-12-10 04:19:54,0.32
2020-12-10 04:20:04,0.3
2020-12-10 04:20:14,0.32
2020-12-10 04:20:24,0.36
2020-12-10 04:20:34,0.32
2020-12-10 04:20:44,0.33
2020-12-10 04:20:54,0.33
2020-12-10 04:21:04,0.32
2020-12-10 04:21:14,0.31
2020-12-10 04:21:24,0.31
2020-12-10 04:21:34,0.32
2020-12-10 04:21:44,0.3
2020-12-10 04:21:54,0.31
2020-12-10 04:22:04,0.33
2020-12-10 04:22:14,0.32
2020-12-10 04:22:24,0.31
2020-12-10 04:22:34,0.32
2020-12-10 04:22:44,0.3
2020-12-10 04:22:54,0.31
2020-12-10 04:23:04,0.31
2020-12-10 04:23:14,0.31
2020-12-10 04:23:24,0.31
2020-12-10 04:23:34,0.31
2020-12-10 04:23:44,0.3
2020-12-10 04:23:54,0.32
2020-12-10 04:24:04,0.32
2020-12-10 04:24:14,0.32
2020-12-10 04:24:24,0.31
2020-12-10 04:24:34,0.34
2020-12-10 04:24:44,0.31
2020-12-10 04:24:54,0.32
2020-12-10 04:25:04,0.31
2020-12-10 04:25:14,0.32
2020-12-10 04:25:24,0.29
2020-12-10 04:25:34,0.31
2020-12-10 04:25:44,0.32
2020-12-10 04:25:54,0.32
2020-12-10 04:26:04,0.3
2020-12-10 04:26:14,0.32
2020-12-10 04:26:24,0.31
2020-12-10 04:26:34,0.33
2020-12-10 04:26:44,0.3
2020-12-10 04:26:54,0.31
2020-12-10 04:27:04,0.31
2020-12-10 04:27:14,0.3
2020-12-10 04:27:24,0.32
2020-12-10 04:27:34,0.34
2020-12-10 04:27:44,0.31
2020-12-10 04:27:54,0.3
2020-12-10 04:28:04,0.31
2020-12-10 04:28:14,0.31
2020-12-10 04:28:24,0.31
2020-12-10 04:28:34,0.31
2020-12-10 04:28:44,0.31
2020-12-10 04:28:54,0.31
2020-12-10 04:29:04,0.34
2020-12-10 04:29:14,0.33
2020-12-10 04:29:24,0.33
2020-12-10 04:29:34,0.36
2020-12-10 04:29:44,0.33
2020-12-10 04:29:54,0.33
2020-12-10 04:30:04,0.32
2020-12-10 04:30:14,0.31
2020-12-10 04:30:24,0.3
2020-12-10 04:30:34,0.31
2020-12-10 04:30:44,0.31
2020-12-10 04:30:54,0.31
2020-12-10 04:31:04,0.31
2020-12-10 04:31:14,0.32
2020-12-10 04:31:24,0.31
2020-12-10 04:31:34,0.32
2020-12-10 04:31:44,0.33
2020-12-10 04:31:54,0.34
2020-12-10 04:32:04,0.32
2020-12-10 04:32:14,0.32
2020-12-10 04:32:24,0.32
2020-12-10 04:32:34,0.33
2020-12-10 04:32:44,0.3
2020-12-10 04:32:54,0.33
2020-12-10 04:33:04,0.34
2020-12-10 04:33:14,0.32
2020-12-10 04:33:24,0.31
2020-12-10 04:33:34,0.32
2020-12-10 04:33:44,0.32
2020-12-10 04:33:54,0.32
2020-12-10 04:34:04,0.31
2020-12-10 04:34:14,0.33
2020-12-10 04:34:24,0.31
2020-12-10 04:34:34,0.32
2020-12-10 04:34:44,0.33
2020-12-10 04:34:54,0.33
2020-12-10 04:35:04,0.33
2020-12-10 04:35:14,0.31
2020-12-10 04:35:24,0.32
2020-12-10 04:35:34,0.31
2020-12-10 04:35:44,0.3
2020-12-10 04:35:54,0.34
2020-12-10 04:36:04,0.33
2020-12-10 04:36:14,0.31
2020-12-10 04:36:24,0.31
2020-12-10 04:36:34,0.31
2020-12-10 04:36:44,0.32
2020-12-10 04:36:54,0.3
2020-12-10 04:37:04,0.33
2020-12-10 04:37:14,0.31
2020-12-10 04:37:24,0.32
2020-12-10 04:37:34,0.32
2020-12-10 04:37:44,0.31
2020-12-10 04:37:54,0.3
2020-12-10 04:38:04,0.31
2020-12-10 04:38:14,0.3
2020-12-10 04:38:24,0.31
2020-12-10 04:38:34,0.3
2020-12-10 04:38:44,0.33
2020-12-10 04:38:54,0.31
2020-12-10 04:39:04,0.32
2020-12-10 04:39:14,0.31
2020-12-10 04:39:24,0.3
2020-12-10 04:39:34,0.32
2020-12-10 04:39:44,0.32
2020-12-10 04:39:54,0.3
2020-12-10 04:40:04,0.31
2020-12-10 04:40:14,0.29
2020-12-10 04:40:24,0.31
2020-12-10 04:40:34,0.32
2020-12-10 04:40:44,0.3
2020-12-10 04:40:54,0.3
2020-12-10 04:41:04,0.32
2020-12-10 04:41:14,0.32
2020-12-10 04:41:24,0.3
2020-12-10 04:41:34,0.32
2020-12-10 04:41:44,0.32
2020-12-10 04:41:54,0.31
2020-12-10 04:42:04,0.31
2020-12-10 04:42:14,0.31
2020-12-10 04:42:24,0.31
2020-12-10 04:42:34,0.31
2020-12-10 04:42:44,0.31
2020-12-10 04:42:54,0.3
2020-12-10 04:43:04,0.31
2020-12-10 04:43:14,0.31
2020-12-10 04:43:24,0.31
2020-12-10 04:43:34,0.31
2020-12-10 04:43:44,0.3
2020-12-10 04:43:54,0.32
2020-12-10 04:44:04,0.33
2020-12-10 04:44:14,0.36
2020-12-10 04:44:24,0.33
2020-12-10 04:44:34,0.33
2020-12-10 04:44:44,0.31
2020-12-10 04:44:54,0.33
2020-12-10 04:45:04,0.3
2020-12-10 04:45:14,0.31
2020-12-10 04:45:24,0.32
2020-12-10 04:45:34,0.31
2020-12-10 04:45:44,0.31
2020-12-10 04:45:54,0.3
2020-12-10 04:46:04,0.32
2020-12-10 04:46:14,0.33
2020-12-10 04:46:24,0.32
2020-12-10 04:46:34,0.33
2020-12-10 04:46:44,0.32
2020-12-10 04:46:54,0.34
2020-12-10 04:47:04,0.32
2020-12-10 04:47:14,0.32
2020-12-10 04:47:24,0.32
2020-12-10 04:47:34,0.33
2020-12-10 04:47:44,0.32
2020-12-10 04:47:54,0.31
2020-12-10 04:48:04,0.32
2020-12-10 04:48:14,0.31
2020-12-10 04:48:24,0.3
2020-12-10 04:48:34,0.32
2020-12-10 04:48:44,0.31
2020-12-10 04:48:54,0.31
2020-12-10 04:49:04,0.32
2020-12-10 04:49:14,0.32
2020-12-10 04:49:24,0.33
2020-12-10 04:49:34,0.31
2020-12-10 04:49:44,0.32
2020-12-10 04:49:54,0.31
2020-12-10 04:50:04,0.31
2020-12-10 04:50:14,0.31
2020-12-10 04:50:24,0.33
2020-12-10 04:50:34,0.36
2020-12-10 04:50:44,0.35
2020-12-10 04:50:54,0.32
2020-12-10 04:51:04,0.31
2020-12-10 04:51:14,0.32
2020-12-10 04:51:24,0.32
2020-12-10 04:51:34,0.33
2020-12-10 04:51:44,0.32
2020-12-10 04:51:54,0.3
2020-12-10 04:52:04,0.3
2020-12-10 04:52:14,0.31
2020-12-10 04:52:24,0.32
2020-12-10 04:52:34,0.3
2020-12-10 04:52:44,0.33
2020-12-10 04:52:54,0.31
2020-12-10 04:53:04,0.31
2020-12-10 04:53:14,0.3
2020-12-10 04:53:24,0.32
2020-12-10 04:53:34,0.31
2020-12-10 04:53:44,0.3
2020-12-10 04:53:54,0.31
2020-12-10 04:54:04,0.33
2020-12-10 04:54:14,0.35
2020-12-10 04:54:24,0.3
2020-12-10 04:54:34,0.3
2020-12-10 04:54:44,0.31
2020-12-10 04:54:54,0.3
2020-12-10 04:55:04,0.31
2020-12-10 04:55:14,0.3
2020-12-10 04:55:24,0.32
2020-12-10 04:55:34,0.32
2020-12-10 04:55:44,0.31
2020-12-10 04:55:54,0.31
2020-12-10 04:56:04,0.32
2020-12-10 04:56:14,0.32
2020-12-10 04:56:24,0.32
2020-12-10 04:56:34,0.32
2020-12-10 04:56:44,0.3
2020-12-10 04:56:54,0.31
2020-12-10 04:57:04,0.32
2020-12-10 04:57:14,0.33
2020-12-10 04:57:24,0.31
2020-12-10 04:57:34,0.31
2020-12-10 04:57:44,0.32
2020-12-10 04:57:54,0.31
2020-12-10 04:58:04,0.31
2020-12-10 04:58:14,0.31
2020-12-10 04:58:24,0.32
2020-12-10 04:58:34,0.35
2020-12-10 04:58:44,0.34
2020-12-10 04:58:54,0.35
2020-12-10 04:59:04,0.32
2020-12-10 04:59:14,0.3
2020-12-10 04:59:24,0.3
2020-12-10 04:59:34,0.31
2020-12-10 04:59:44,0.32
2020-12-10 04:59:54,0.32
2020-12-10 05:00:04,0.32
2020-12-10 05:00:14,0.34
2020-12-10 05:00:24,0.32
2020-12-10 05:00:34,0.33
2020-12-10 05:00:44,0.32
2020-12-10 05:00:54,0.31
2020-12-10 05:01:04,0.31
2020-12-10 05:01:14,0.33
2020-12-10 05:01:24,0.33
2020-12-10 05:01:34,0.34
2020-12-10 05:01:44,0.32
2020-12-10 05:01:54,0.32
2020-12-10 05:02:04,0.33
2020-12-10 05:02:14,0.32
2020-12-10 05:02:24,0.33
2020-12-10 05:02:34,0.32
2020-12-10 05:02:44,0.31
2020-12-10 05:02:54,0.32
2020-12-10 05:03:04,0.31
2020-12-10 05:03:14,0.31
2020-12-10 05:03:24,0.32
2020-12-10 05:03:34,0.31
2020-12-10 05:03:44,0.33
2020-12-10 05:03:54,0.35
2020-12-10 05:04:04,0.32
2020-12-10 05:04:14,0.31
2020-12-10 05:04:24,0.32
2020-12-10 05:04:34,0.33
2020-12-10 05:04:44,0.31
2020-12-10 05:04:54,0.34
2020-12-10 05:05:04,0.33
2020-12-10 05:05:14,0.36
2020-12-10 05:05:24,0.33
2020-12-10 05:05:34,0.33
2020-12-10 05:05:44,0.31
2020-12-10 05:05:54,0.31
2020-12-10 05:06:04,0.31
2020-12-10 05:06:14,0.31
2020-12-10 05:06:24,0.32
2020-12-10 05:06:34,0.32
2020-12-10 05:06:44,0.31
2020-12-10 05:06:54,0.32
2020-12-10 05:07:04,0.33
2020-12-10 05:07:14,0.31
2020-12-10 05:07:24,0.31
2020-12-10 05:07:34,0.3
2020-12-10 05:07:44,0.33
2020-12-10 05:07:54,0.3
2020-12-10 05:08:04,0.31
2020-12-10 05:08:14,0.3
2020-12-10 05:08:24,0.32
2020-12-10 05:08:34,0.31
2020-12-10 05:08:44,0.3
2020-12-10 05:08:54,0.31
2020-12-10 05:09:04,0.32
2020-12-10 05:09:14,0.31
2020-12-10 05:09:24,0.32
2020-12-10 05:09:34,0.31
2020-12-10 05:09:44,0.31
2020-12-10 05:09:54,0.3
2020-12-10 05:10:04,0.31
2020-12-10 05:10:14,0.32
2020-12-10 05:10:24,0.3
2020-12-10 05:10:34,0.3
2020-12-10 05:10:44,0.34
2020-12-10 05:10:54,0.32
2020-12-10 05:11:04,0.3
2020-12-10 05:11:14,0.32
2020-12-10 05:11:24,0.33
2020-12-10 05:11:34,0.32
2020-12-10 05:11:44,0.31
2020-12-10 05:11:54,0.32
2020-12-10 05:12:04,0.32
2020-12-10 05:12:14,0.31
2020-12-10 05:12:24,0.31
2020-12-10 05:12:34,0.31
2020-12-10 05:12:44,0.35
2020-12-10 05:12:54,0.36
2020-12-10 05:13:04,0.35
2020-12-10 05:13:14,0.34
2020-12-10 05:13:24,0.31
2020-12-10 05:13:34,0.31
2020-12-10 05:13:44,0.31
2020-12-10 05:13:54,0.32
2020-12-10 05:14:04,0.31
2020-12-10 05:14:14,0.32
2020-12-10 05:14:24,0.3
2020-12-10 05:14:34,0.31
2020-12-10 05:14:44,0.32
2020-12-10 05:14:54,0.32
2020-12-10 05:15:04,0.31
2020-12-10 05:15:14,0.31
2020-12-10 05:15:24,0.31
2020-12-10 05:15:34,0.32
2020-12-10 05:15:44,0.33
2020-12-10 05:15:54,0.29
2020-12-10 05:16:04,0.31
2020-12-10 05:16:14,0.33
2020-12-10 05:16:24,0.34
2020-12-10 05:16:34,0.35
2020-12-10 05:16:44,0.35
2020-12-10 05:16:54,0.34
2020-12-10 05:17:04,0.34
2020-12-10 05:17:14,0.35
2020-12-10 05:17:24,0.32
2020-12-10 05:17:34,0.33
2020-12-10 05:17:44,0.33
2020-12-10 05:17:54,0.32
2020-12-10 05:18:04,0.3
2020-12-10 05:18:14,0.32
2020-12-10 05:18:24,0.31
2020-12-10 05:18:34,0.32
2020-12-10 05:18:44,0.31
2020-12-10 05:18:54,0.32
2020-12-10 05:19:04,0.31
2020-12-10 05:19:14,0.33
2020-12-10 05:19:24,0.33
2020-12-10 05:19:34,0.3
2020-12-10 05:19:44,0.32
2020-12-10 05:19:54,0.31
2020-12-10 05:20:04,0.31
2020-12-10 05:20:14,0.32
2020-12-10 05:20:24,0.3
2020-12-10 05:20:34,0.33
2020-12-10 05:20:44,0.32
2020-12-10 05:20:54,0.33
2020-12-10 05:21:04,0.33
2020-12-10 05:21:14,0.31
2020-12-10 05:21:24,0.33
2020-12-10 05:21:34,0.3
2020-12-10 05:21:44,0.3
2020-12-10 05:21:54,0.32
2020-12-10 05:22:04,0.3
2020-12-10 05:22:14,0.31
2020-12-10 05:22:24,0.32
2020-12-10 05:22:34,0.32
2020-12-10 05:22:44,0.34
2020-12-10 05:22:54,0.31
2020-12-10 05:23:04,0.3
2020-12-10 05:23:14,0.32
2020-12-10 05:23:24,0.3
2020-12-10 05:23:34,0.31
2020-12-10 05:23:44,0.33
2020-12-10 05:23:54,0.32
2020-12-10 05:24:04,0.32
2020-12-10 05:24:14,0.32
2020-12-10 05:24:24,0.31
2020-12-10 05:24:34,0.3
2020-12-10 05:24:44,0.3
2020-12-10 05:24:54,0.31
2020-12-10 05:25:04,0.32
2020-12-10 05:25:14,0.29
2020-12-10 05:25:24,0.3
2020-12-10 05:25:34,0.31
2020-12-10 05:25:44,0.32
2020-12-10 05:25:54,0.3
2020-12-10 05:26:04,0.35
2020-12-10 05:26:14,0.32
2020-12-10 05:26:24,0.31
2020-12-10 05:26:34,0.32
2020-12-10 05:26:44,0.36
2020-12-10 05:26:54,0.35
2020-12-10 05:27:04,0.35
2020-12-10 05:27:14,0.33
2020-12-10 05:27:24,0.31
2020-12-10 05:27:34,0.33
2020-12-10 05:27:44,0.32
2020-12-10 05:27:54,0.33
2020-12-10 05:28:04,0.33
2020-12-10 05:28:14,0.32
2020-12-10 05:28:24,0.3
2020-12-10 05:28:34,0.33
2020-12-10 05:28:44,0.31
2020-12-10 05:28:54,0.32
2020-12-10 05:29:04,0.33
2020-12-10 05:29:14,0.31
2020-12-10 05:29:24,0.33
2020-12-10 05:29:34,0.31
2020-12-10 05:29:44,0.34
2020-12-10 05:29:54,0.31
2020-12-10 05:30:04,0.33
2020-12-10 05:30:14,0.32
2020-12-10 05:30:24,0.3
2020-12-10 05:30:34,0.32
2020-12-10 05:30:44,0.3
2020-12-10 05:30:54,0.31
2020-12-10 05:31:04,0.32
2020-12-10 05:31:14,0.3
2020-12-10 05:31:24,0.31
2020-12-10 05:31:34,0.3
2020-12-10 05:31:44,0.32
2020-12-10 05:31:54,0.32
2020-12-10 05:32:04,0.32
2020-12-10 05:32:14,0.32
2020-12-10 05:32:24,0.33
2020-12-10 05:32:34,0.34
2020-12-10 05:32:44,0.32
2020-12-10 05:32:54,0.33
2020-12-10 05:33:04,0.33
2020-12-10 05:33:14,0.31
2020-12-10 05:33:24,0.3
2020-12-10 05:33:34,0.33
2020-12-10 05:33:44,0.33
2020-12-10 05:33:54,0.32
2020-12-10 05:34:04,0.31
2020-12-10 05:34:14,0.31
2020-12-10 05:34:24,0.32
2020-12-10 05:34:34,0.31
2020-12-10 05:34:44,0.32
2020-12-10 05:34:54,0.32
2020-12-10 05:35:04,0.32
2020-12-10 05:35:14,0.32
2020-12-10 05:35:24,0.33
2020-12-10 05:35:34,0.33
2020-12-10 05:35:44,0.31
2020-12-10 05:35:54,0.3
2020-12-10 05:36:04,0.33
2020-12-10 05:36:14,0.32
2020-12-10 05:36:24,0.32
2020-12-10 05:36:34,0.31
2020-12-10 05:36:44,0.32
2020-12-10 05:36:54,0.3
2020-12-10 05:37:04,0.29
2020-12-10 05:37:14,0.32
2020-12-10 05:37:24,0.32
2020-12-10 05:37:34,0.3
2020-12-10 05:37:44,0.32
2020-12-10 05:37:54,0.31
2020-12-10 05:38:04,0.33
2020-12-10 05:38:14,0.31
2020-12-10 05:38:24,0.31
2020-12-10 05:38:34,0.31
2020-12-10 05:38:44,0.31
2020-12-10 05:38:54,0.31
2020-12-10 05:39:04,0.3
2020-12-10 05:39:14,0.32
2020-12-10 05:39:24,0.31
2020-12-10 05:39:34,0.32
2020-12-10 05:39:44,0.33
2020-12-10 05:39:54,0.31
2020-12-10 05:40:04,0.31
2020-12-10 05:40:14,0.31
2020-12-10 05:40:24,0.32
2020-12-10 05:40:34,0.34
2020-12-10 05:40:44,0.31
2020-12-10 05:40:54,0.32
2020-12-10 05:41:04,0.3
2020-12-10 05:41:14,0.32
2020-12-10 05:41:24,0.31
2020-12-10 05:41:34,0.32
2020-12-10 05:41:44,0.31
2020-12-10 05:41:54,0.31
2020-12-10 05:42:04,0.3
2020-12-10 05:42:14,0.32
2020-12-10 05:42:24,0.32
2020-12-10 05:42:34,0.37
2020-12-10 05:42:44,0.35
2020-12-10 05:42:54,0.36
2020-12-10 05:43:04,0.34
2020-12-10 05:43:14,0.31
2020-12-10 05:43:24,0.32
2020-12-10 05:43:34,0.33
2020-12-10 05:43:44,0.35
2020-12-10 05:43:54,0.31
2020-12-10 05:44:04,0.35
2020-12-10 05:44:14,0.34
2020-12-10 05:44:24,0.34
2020-12-10 05:44:34,0.31
2020-12-10 05:44:44,0.32
2020-12-10 05:44:54,0.32
2020-12-10 05:45:04,0.31
2020-12-10 05:45:14,0.31
2020-12-10 05:45:24,0.31
2020-12-10 05:45:34,0.34
2020-12-10 05:45:44,0.32
2020-12-10 05:45:54,0.32
2020-12-10 05:46:04,0.32
2020-12-10 05:46:14,0.34
2020-12-10 05:46:24,0.3
2020-12-10 05:46:34,0.31
2020-12-10 05:46:44,0.33
2020-12-10 05:46:54,0.35
2020-12-10 05:47:04,0.31
2020-12-10 05:47:14,0.33
2020-12-10 05:47:24,0.32
2020-12-10 05:47:34,0.31
2020-12-10 05:47:44,0.31
2020-12-10 05:47:54,0.31
2020-12-10 05:48:04,0.32
2020-12-10 05:48:14,0.33
2020-12-10 05:48:24,0.31
2020-12-10 05:48:34,0.32
2020-12-10 05:48:44,0.32
2020-12-10 05:48:54,0.31
2020-12-10 05:49:04,0.34
2020-12-10 05:49:14,0.31
2020-12-10 05:49:24,0.34
2020-12-10 05:49:34,0.35
2020-12-10 05:49:44,0.33
2020-12-10 05:49:54,0.32
2020-12-10 05:50:04,0.36
2020-12-10 05:50:14,0.32
2020-12-10 05:50:24,0.31
2020-12-10 05:50:34,0.33
2020-12-10 05:50:44,0.33
2020-12-10 05:50:54,0.31
2020-12-10 05:51:04,0.32
2020-12-10 05:51:14,0.31
2020-12-10 05:51:24,0.32
2020-12-10 05:51:34,0.31
2020-12-10 05:51:44,0.33
2020-12-10 05:51:54,0.33
2020-12-10 05:52:04,0.33
2020-12-10 05:52:14,0.3
2020-12-10 05:52:24,0.36
2020-12-10 05:52:34,0.32
2020-12-10 05:52:44,0.32
2020-12-10 05:52:54,0.33
2020-12-10 05:53:04,0.31
2020-12-10 05:53:14,0.32
2020-12-10 05:53:24,0.32
2020-12-10 05:53:34,0.31
2020-12-10 05:53:44,0.31
2020-12-10 05:53:54,0.32
2020-12-10 05:54:04,0.3
2020-12-10 05:54:14,0.32
2020-12-10 05:54:24,0.32
2020-12-10 05:54:34,0.31
2020-12-10 05:54:44,0.31
2020-12-10 05:54:54,0.32
2020-12-10 05:55:04,0.35
2020-12-10 05:55:14,0.31
2020-12-10 05:55:24,0.32
2020-12-10 05:55:34,0.33
2020-12-10 05:55:44,0.3
2020-12-10 05:55:54,0.32
2020-12-10 05:56:04,0.31
2020-12-10 05:56:14,0.31
2020-12-10 05:56:24,0.3
2020-12-10 05:56:34,0.31
2020-12-10 05:56:44,0.32
2020-12-10 05:56:54,0.32
2020-12-10 05:57:04,0.31
2020-12-10 05:57:14,0.32
2020-12-10 05:57:24,0.3
2020-12-10 05:57:34,0.3
2020-12-10 05:57:44,0.32
2020-12-10 05:57:54,0.31
2020-12-10 05:58:04,0.34
2020-12-10 05:58:14,0.29
2020-12-10 05:58:24,0.31
2020-12-10 05:58:34,0.32
2020-12-10 05:58:44,0.31
2020-12-10 05:58:54,0.32
2020-12-10 05:59:04,0.31
2020-12-10 05:59:14,0.33
2020-12-10 05:59:24,0.31
2020-12-10 05:59:34,0.32
2020-12-10 05:59:44,0.32
2020-12-10 05:59:54,0.32
2020-12-10 06:00:04,0.35
2020-12-10 06:00:14,0.31
2020-12-10 06:00:24,0.33
2020-12-10 06:00:34,0.36
2020-12-10 06:00:44,0.38
2020-12-10 06:00:54,0.37
2020-12-10 06:01:04,0.36
2020-12-10 06:01:14,0.37
2020-12-10 06:01:24,0.35
2020-12-10 06:01:34,0.32
2020-12-10 06:01:44,0.32
2020-12-10 06:01:54,0.35
2020-12-10 06:02:04,0.36
2020-12-10 06:02:14,0.36
2020-12-10 06:02:24,0.36
2020-12-10 06:02:34,0.32
2020-12-10 06:02:44,0.34
2020-12-10 06:02:54,0.35
2020-12-10 06:03:04,0.35
2020-12-10 06:03:14,0.33
2020-12-10 06:03:24,0.34
2020-12-10 06:03:34,0.33
2020-12-10 06:03:44,0.33
2020-12-10 06:03:54,0.34
2020-12-10 06:04:04,0.36
2020-12-10 06:04:14,0.36
2020-12-10 06:04:24,0.34
2020-12-10 06:04:34,0.33
2020-12-10 06:04:44,0.34
2020-12-10 06:04:54,0.34
2020-12-10 06:05:04,0.33
2020-12-10 06:05:14,0.33
2020-12-10 06:05:24,0.32
2020-12-10 06:05:34,0.36
2020-12-10 06:05:44,0.33
2020-12-10 06:05:54,0.33
2020-12-10 06:06:04,0.32
2020-12-10 06:06:14,0.3
2020-12-10 06:06:24,0.31
2020-12-10 06:06:34,0.33
2020-12-10 06:06:44,0.32
2020-12-10 06:06:54,0.32
2020-12-10 06:07:04,0.32
2020-12-10 06:07:14,0.31
2020-12-10 06:07:24,0.3
2020-12-10 06:07:34,0.29
2020-12-10 06:07:44,0.32
2020-12-10 06:07:54,0.32
2020-12-10 06:08:04,0.3
2020-12-10 06:08:14,0.33
2020-12-10 06:08:24,0.32
2020-12-10 06:08:34,0.3
2020-12-10 06:08:44,0.32
2020-12-10 06:08:54,0.32
2020-12-10 06:09:04,0.3
2020-12-10 06:09:14,0.31
2020-12-10 06:09:24,0.31
2020-12-10 06:09:34,0.33
2020-12-10 06:09:44,0.3
2020-12-10 06:09:54,0.29
2020-12-10 06:10:04,0.32
2020-12-10 06:10:14,0.32
2020-12-10 06:10:24,0.32
2020-12-10 06:10:34,0.32
2020-12-10 06:10:44,0.32
2020-12-10 06:10:54,0.31
2020-12-10 06:11:04,0.31
2020-12-10 06:11:14,0.31
2020-12-10 06:11:24,0.31
2020-12-10 06:11:34,0.3
2020-12-10 06:11:44,0.32
2020-12-10 06:11:54,0.32
2020-12-10 06:12:04,0.31
2020-12-10 06:12:14,0.31
2020-12-10 06:12:24,0.31
2020-12-10 06:12:34,0.31
2020-12-10 06:12:44,0.33
2020-12-10 06:12:54,0.31
2020-12-10 06:13:04,0.32
2020-12-10 06:13:14,0.31
2020-12-10 06:13:24,0.32
2020-12-10 06:13:34,0.32
2020-12-10 06:13:44,0.32
2020-12-10 06:13:54,0.32
2020-12-10 06:14:04,0.31
2020-12-10 06:14:14,0.32
2020-12-10 06:14:24,0.32
2020-12-10 06:14:34,0.31
2020-12-10 06:14:44,0.32
2020-12-10 06:14:54,0.37
2020-12-10 06:15:04,0.31
2020-12-10 06:15:14,0.32
2020-12-10 06:15:24,0.32
2020-12-10 06:15:34,0.33
2020-12-10 06:15:44,0.34
2020-12-10 06:15:54,0.36
2020-12-10 06:16:04,0.39
2020-12-10 06:16:14,0.39
2020-12-10 06:16:24,0.35
2020-12-10 06:16:34,0.36
2020-12-10 06:16:44,0.36
2020-12-10 06:16:54,0.36
2020-12-10 06:17:04,0.34
2020-12-10 06:17:14,0.36
2020-12-10 06:17:24,0.36
2020-12-10 06:17:34,0.35
2020-12-10 06:17:44,0.33
2020-12-10 06:17:54,0.34
2020-12-10 06:18:04,0.35
2020-12-10 06:18:14,0.35
2020-12-10 06:18:24,0.35
2020-12-10 06:18:34,0.36
2020-12-10 06:18:44,0.35
2020-12-10 06:18:54,0.35
2020-12-10 06:19:04,0.36
2020-12-10 06:19:14,0.35
2020-12-10 06:19:24,0.37
2020-12-10 06:19:34,0.34
2020-12-10 06:19:44,0.31
2020-12-10 06:19:54,0.33
2020-12-10 06:20:04,0.32
2020-12-10 06:20:14,0.36
2020-12-10 06:20:24,0.36
2020-12-10 06:20:34,0.36
2020-12-10 06:20:44,0.32
2020-12-10 06:20:54,0.34
2020-12-10 06:21:04,0.34
2020-12-10 06:21:14,0.35
2020-12-10 06:21:24,0.36
2020-12-10 06:21:34,0.33
2020-12-10 06:21:44,0.35
2020-12-10 06:21:54,0.31
2020-12-10 06:22:04,0.31
2020-12-10 06:22:14,0.32
2020-12-10 06:22:24,0.32
2020-12-10 06:22:34,0.31
2020-12-10 06:22:44,0.3
2020-12-10 06:22:54,0.32
2020-12-10 06:23:04,0.31
2020-12-10 06:23:14,0.3
2020-12-10 06:23:24,0.31
2020-12-10 06:23:34,0.3
2020-12-10 06:23:44,0.3
2020-12-10 06:23:54,0.32
2020-12-10 06:24:04,0.32
2020-12-10 06:24:14,0.31
2020-12-10 06:24:24,0.31
2020-12-10 06:24:34,0.31
2020-12-10 06:24:44,0.31
2020-12-10 06:24:54,0.3
2020-12-10 06:25:04,0.3
2020-12-10 06:25:14,0.33
2020-12-10 06:25:24,0.31
2020-12-10 06:25:34,0.3
2020-12-10 06:25:44,0.31
2020-12-10 06:25:54,0.31
2020-12-10 06:26:04,0.31
2020-12-10 06:26:14,0.31
2020-12-10 06:26:24,0.3
2020-12-10 06:26:34,0.32
2020-12-10 06:26:44,0.31
2020-12-10 06:26:54,0.3
2020-12-10 06:27:04,0.31
2020-12-10 06:27:14,0.33
2020-12-10 06:27:24,0.32
2020-12-10 06:27:34,0.32
2020-12-10 06:27:44,0.32
2020-12-10 06:27:54,0.31
2020-12-10 06:28:04,0.3
2020-12-10 06:28:14,0.32
2020-12-10 06:28:24,0.31
2020-12-10 06:28:34,0.31
2020-12-10 06:28:44,0.31
2020-12-10 06:28:54,0.3
2020-12-10 06:29:04,0.32
2020-12-10 06:29:14,0.31
2020-12-10 06:29:24,0.32
2020-12-10 06:29:34,0.32
2020-12-10 06:29:44,0.32
2020-12-10 06:29:54,0.31
2020-12-10 06:30:04,0.31
2020-12-10 06:30:14,0.31
2020-12-10 06:30:24,0.31
2020-12-10 06:30:34,0.3
2020-12-10 06:30:44,0.31
2020-12-10 06:30:54,0.34
2020-12-10 06:31:04,0.3
2020-12-10 06:31:14,0.32
2020-12-10 06:31:24,0.32
2020-12-10 06:31:34,0.33
2020-12-10 06:31:44,0.32
2020-12-10 06:31:54,0.31
2020-12-10 06:32:04,0.31
2020-12-10 06:32:14,0.33
2020-12-10 06:32:24,0.32
2020-12-10 06:32:34,0.32
2020-12-10 06:32:44,0.33
2020-12-10 06:32:54,0.35
2020-12-10 06:33:04,0.31
2020-12-10 06:33:14,0.36
2020-12-10 06:33:24,0.34
2020-12-10 06:33:34,0.35
2020-12-10 06:33:44,0.34
2020-12-10 06:33:54,0.36
2020-12-10 06:34:04,0.38
2020-12-10 06:34:14,0.35
2020-12-10 06:34:24,0.35
2020-12-10 06:34:34,0.36
2020-12-10 06:34:44,0.34
2020-12-10 06:34:54,0.36
2020-12-10 06:35:04,0.39
2020-12-10 06:35:14,0.38
2020-12-10 06:35:24,0.36
2020-12-10 06:35:34,0.35
2020-12-10 06:35:44,0.39
2020-12-10 06:35:54,0.38
2020-12-10 06:36:04,0.35
2020-12-10 06:36:14,0.31
2020-12-10 06:36:24,0.32
2020-12-10 06:36:34,0.31
2020-12-10 06:36:44,0.32
2020-12-10 06:36:54,0.32
2020-12-10 06:37:04,0.3
2020-12-10 06:37:14,0.31
2020-12-10 06:37:24,0.31
2020-12-10 06:37:34,0.32
2020-12-10 06:37:44,0.32
2020-12-10 06:37:54,0.3
2020-12-10 06:38:04,0.32
2020-12-10 06:38:14,0.3
2020-12-10 06:38:24,0.31
2020-12-10 06:38:34,0.31
2020-12-10 06:38:44,0.32
2020-12-10 06:38:54,0.3
2020-12-10 06:39:04,0.31
2020-12-10 06:39:14,0.31
2020-12-10 06:39:24,0.33
2020-12-10 06:39:34,0.3
2020-12-10 06:39:44,0.31
2020-12-10 06:39:54,0.3
2020-12-10 06:40:04,0.29
2020-12-10 06:40:14,0.33
2020-12-10 06:40:24,0.34
2020-12-10 06:40:34,0.31
2020-12-10 06:40:44,0.3
2020-12-10 06:40:54,0.32
2020-12-10 06:41:04,0.32
2020-12-10 06:41:14,0.32
2020-12-10 06:41:24,0.31
2020-12-10 06:41:34,0.3
2020-12-10 06:41:44,0.3
2020-12-10 06:41:54,0.31
2020-12-10 06:42:04,0.3
2020-12-10 06:42:14,0.3
2020-12-10 06:42:24,0.31
2020-12-10 06:42:34,0.31
2020-12-10 06:42:44,0.31
2020-12-10 06:42:54,0.31
2020-12-10 06:43:04,0.32
2020-12-10 06:43:14,0.31
2020-12-10 06:43:24,0.31
2020-12-10 06:43:34,0.3
2020-12-10 06:43:44,0.3
2020-12-10 06:43:54,0.3
2020-12-10 06:44:04,0.31
2020-12-10 06:44:14,0.31
2020-12-10 06:44:24,0.31
2020-12-10 06:44:34,0.32
2020-12-10 06:44:44,0.32
2020-12-10 06:44:54,0.3
2020-12-10 06:45:04,0.32
2020-12-10 06:45:14,0.32
2020-12-10 06:45:24,0.32
2020-12-10 06:45:34,0.31
2020-12-10 06:45:44,0.32
2020-12-10 06:45:54,0.31
2020-12-10 06:46:04,0.31
2020-12-10 06:46:14,0.31
2020-12-10 06:46:24,0.31
2020-12-10 06:46:34,0.32
2020-12-10 06:46:44,0.32
2020-12-10 06:46:54,0.34
2020-12-10 06:47:04,0.33
2020-12-10 06:47:14,0.36
2020-12-10 06:47:24,0.34
2020-12-10 06:47:34,0.4
2020-12-10 06:47:44,0.35
2020-12-10 06:47:54,0.38
2020-12-10 06:48:04,0.36
2020-12-10 06:48:14,0.37
2020-12-10 06:48:24,0.36
2020-12-10 06:48:34,0.33
2020-12-10 06:48:44,0.32
2020-12-10 06:48:54,0.33
2020-12-10 06:49:04,0.35
2020-12-10 06:49:14,0.34
2020-12-10 06:49:24,0.35
2020-12-10 06:49:34,0.36
2020-12-10 06:49:44,0.37
2020-12-10 06:49:54,0.35
2020-12-10 06:50:04,0.36
2020-12-10 06:50:14,0.34
2020-12-10 06:50:24,0.36
2020-12-10 06:50:34,0.34
2020-12-10 06:50:44,0.35
2020-12-10 06:50:54,0.37
2020-12-10 06:51:04,0.35
2020-12-10 06:51:14,0.35
2020-12-10 06:51:24,0.36
2020-12-10 06:51:34,0.37
2020-12-10 06:51:44,0.34
2020-12-10 06:51:54,0.32
2020-12-10 06:52:04,0.33
2020-12-10 06:52:14,0.35
2020-12-10 06:52:24,0.41
2020-12-10 06:52:34,0.35
2020-12-10 06:52:44,0.37
2020-12-10 06:52:54,0.37
2020-12-10 06:53:04,0.37
2020-12-10 06:53:14,0.35
2020-12-10 06:53:24,0.32
2020-12-10 06:53:34,0.31
2020-12-10 06:53:44,0.31
2020-12-10 06:53:54,0.32
2020-12-10 06:54:04,0.32
2020-12-10 06:54:14,0.31
2020-12-10 06:54:24,0.31
2020-12-10 06:54:34,0.31
2020-12-10 06:54:44,0.32
2020-12-10 06:54:54,0.32
2020-12-10 06:55:04,0.32
2020-12-10 06:55:14,0.3
2020-12-10 06:55:24,0.31
2020-12-10 06:55:34,0.31
2020-12-10 06:55:44,0.3
2020-12-10 06:55:54,0.35
2020-12-10 06:56:04,0.31
2020-12-10 06:56:14,0.35
2020-12-10 06:56:24,0.34
2020-12-10 06:56:34,0.32
2020-12-10 06:56:44,0.31
2020-12-10 06:56:54,0.31
2020-12-10 06:57:04,0.32
2020-12-10 06:57:14,0.31
2020-12-10 06:57:24,0.32
2020-12-10 06:57:34,0.32
2020-12-10 06:57:44,0.32
2020-12-10 06:57:54,0.33
2020-12-10 06:58:04,0.3
2020-12-10 06:58:14,0.31
2020-12-10 06:58:24,0.32
2020-12-10 06:58:34,0.31
2020-12-10 06:58:44,0.32
2020-12-10 06:58:54,0.3
2020-12-10 06:59:04,0.3
2020-12-10 06:59:14,0.32
2020-12-10 06:59:24,0.31
2020-12-10 06:59:34,0.31
2020-12-10 06:59:44,0.3
2020-12-10 06:59:54,0.31
2020-12-10 07:00:04,0.29
2020-12-10 07:00:14,0.3
2020-12-10 07:00:24,0.32
2020-12-10 07:00:34,0.32
2020-12-10 07:00:44,0.32
2020-12-10 07:00:54,0.31
2020-12-10 07:01:04,0.3
2020-12-10 07:01:14,0.32
2020-12-10 07:01:24,0.32
2020-12-10 07:01:34,0.33
2020-12-10 07:01:44,0.31
2020-12-10 07:01:54,0.31
2020-12-10 07:02:04,0.33
2020-12-10 07:02:14,0.32
2020-12-10 07:02:24,0.32
2020-12-10 07:02:34,0.33
2020-12-10 07:02:44,0.32
2020-12-10 07:02:54,0.33
2020-12-10 07:03:04,0.32
2020-12-10 07:03:14,0.32
2020-12-10 07:03:24,0.32
2020-12-10 07:03:34,0.31
2020-12-10 07:03:44,0.32
2020-12-10 07:03:54,0.31
2020-12-10 07:04:04,0.33
2020-12-10 07:04:14,0.32
2020-12-10 07:04:24,0.32
2020-12-10 07:04:34,0.34
2020-12-10 07:04:44,0.32
2020-12-10 07:04:54,0.33
2020-12-10 07:05:04,0.33
2020-12-10 07:05:14,0.34
2020-12-10 07:05:24,0.3
2020-12-10 07:05:34,0.32
2020-12-10 07:05:44,0.33
2020-12-10 07:05:54,0.32
2020-12-10 07:06:04,0.31
2020-12-10 07:06:14,0.33
2020-12-10 07:06:24,0.33
2020-12-10 07:06:34,0.31
2020-12-10 07:06:44,0.32
2020-12-10 07:06:54,0.33
2020-12-10 07:07:04,0.32
2020-12-10 07:07:14,0.34
2020-12-10 07:07:24,0.35
2020-12-10 07:07:34,0.34
2020-12-10 07:07:44,0.33
2020-12-10 07:07:54,0.32
2020-12-10 07:08:04,0.32
2020-12-10 07:08:14,0.32
2020-12-10 07:08:24,0.32
2020-12-10 07:08:34,0.33
2020-12-10 07:08:44,0.33
2020-12-10 07:08:54,0.32
2020-12-10 07:09:04,0.32
2020-12-10 07:09:14,0.33
2020-12-10 07:09:24,0.33
2020-12-10 07:09:34,0.31
2020-12-10 07:09:44,0.31
2020-12-10 07:09:54,0.32
2020-12-10 07:10:04,0.33
2020-12-10 07:10:14,0.33
2020-12-10 07:10:24,0.33
2020-12-10 07:10:34,0.32
2020-12-10 07:10:44,0.34
2020-12-10 07:10:54,0.33
2020-12-10 07:11:04,0.32
2020-12-10 07:11:14,0.32
2020-12-10 07:11:24,0.34
2020-12-10 07:11:34,0.3
2020-12-10 07:11:44,0.31
2020-12-10 07:11:54,0.32
2020-12-10 07:12:04,0.33
2020-12-10 07:12:14,0.31
2020-12-10 07:12:24,0.32
2020-12-10 07:12:34,0.32
2020-12-10 07:12:44,0.31
2020-12-10 07:12:54,0.31
2020-12-10 07:13:04,0.32
2020-12-10 07:13:14,0.31
2020-12-10 07:13:24,0.32
2020-12-10 07:13:34,0.31
2020-12-10 07:13:44,0.31
2020-12-10 07:13:54,0.3
2020-12-10 07:14:04,0.3
2020-12-10 07:14:14,0.3
2020-12-10 07:14:24,0.31
2020-12-10 07:14:34,0.33
2020-12-10 07:14:44,0.3
2020-12-10 07:14:54,0.33
2020-12-10 07:15:04,0.31
2020-12-10 07:15:14,0.3
2020-12-10 07:15:24,0.31
2020-12-10 07:15:34,0.33
2020-12-10 07:15:44,0.31
2020-12-10 07:15:54,0.34
2020-12-10 07:16:04,0.32
2020-12-10 07:16:14,0.33
2020-12-10 07:16:24,0.3
2020-12-10 07:16:34,0.31
2020-12-10 07:16:44,0.33
2020-12-10 07:16:54,0.32
2020-12-10 07:17:04,0.31
2020-12-10 07:17:14,0.32
2020-12-10 07:17:24,0.32
2020-12-10 07:17:34,0.34
2020-12-10 07:17:44,0.3
2020-12-10 07:17:54,0.32
2020-12-10 07:18:04,0.31
2020-12-10 07:18:14,0.3
2020-12-10 07:18:24,0.32
2020-12-10 07:18:34,0.32
2020-12-10 07:18:44,0.35
2020-12-10 07:18:54,0.32
2020-12-10 07:19:04,0.32
2020-12-10 07:19:14,0.32
2020-12-10 07:19:24,0.31
2020-12-10 07:19:34,0.31
2020-12-10 07:19:44,0.31
2020-12-10 07:19:54,0.32
2020-12-10 07:20:04,0.34
2020-12-10 07:20:14,0.3
2020-12-10 07:20:24,0.32
2020-12-10 07:20:34,0.32
2020-12-10 07:20:44,0.33
2020-12-10 07:20:54,0.29
2020-12-10 07:21:04,0.31
2020-12-10 07:21:14,0.35
2020-12-10 07:21:24,0.34
2020-12-10 07:21:34,0.31
2020-12-10 07:21:44,0.32
2020-12-10 07:21:54,0.33
2020-12-10 07:22:04,0.32
2020-12-10 07:22:14,0.33
2020-12-10 07:22:24,0.33
2020-12-10 07:22:34,0.36
2020-12-10 07:22:44,0.36
2020-12-10 07:22:54,0.34
2020-12-10 07:23:04,0.33
2020-12-10 07:23:14,0.31
2020-12-10 07:23:24,0.32
2020-12-10 07:23:34,0.32
2020-12-10 07:23:44,0.33
2020-12-10 07:23:54,0.32
2020-12-10 07:24:04,0.3
2020-12-10 07:24:14,0.31
2020-12-10 07:24:24,0.32
2020-12-10 07:24:34,0.3
2020-12-10 07:24:44,0.32
2020-12-10 07:24:54,0.32
2020-12-10 07:25:04,0.32
2020-12-10 07:25:14,0.3
2020-12-10 07:25:24,0.34
2020-12-10 07:25:34,0.31
2020-12-10 07:25:44,0.31
2020-12-10 07:25:54,0.29
2020-12-10 07:26:04,0.31
2020-12-10 07:26:14,0.32
2020-12-10 07:26:24,0.31
2020-12-10 07:26:34,0.31
2020-12-10 07:26:44,0.33
2020-12-10 07:26:54,0.3
2020-12-10 07:27:04,0.3
2020-12-10 07:27:14,0.31
2020-12-10 07:27:24,0.31
2020-12-10 07:27:34,0.33
2020-12-10 07:27:44,0.3
2020-12-10 07:27:54,0.32
2020-12-10 07:28:04,0.31
2020-12-10 07:28:14,0.32
2020-12-10 07:28:24,0.31
2020-12-10 07:28:34,0.31
2020-12-10 07:28:44,0.32
2020-12-10 07:28:54,0.32
2020-12-10 07:29:04,0.29
2020-12-10 07:29:14,0.31
2020-12-10 07:29:24,0.31
2020-12-10 07:29:34,0.3
2020-12-10 07:29:44,0.31
2020-12-10 07:29:54,0.32
2020-12-10 07:30:04,0.3
2020-12-10 07:30:14,0.31
2020-12-10 07:30:24,0.32
2020-12-10 07:30:34,0.32
2020-12-10 07:30:44,0.29
2020-12-10 07:30:54,0.31
2020-12-10 07:31:04,0.31
2020-12-10 07:31:14,0.32
2020-12-10 07:31:24,0.3
2020-12-10 07:31:34,0.3
2020-12-10 07:31:44,0.32
2020-12-10 07:31:54,0.32
2020-12-10 07:32:04,0.32
2020-12-10 07:32:14,0.32
2020-12-10 07:32:24,0.31
2020-12-10 07:32:34,0.32
2020-12-10 07:32:44,0.32
2020-12-10 07:32:54,0.32
2020-12-10 07:33:04,0.33
2020-12-10 07:33:14,0.3
2020-12-10 07:33:24,0.31
2020-12-10 07:33:34,0.33
2020-12-10 07:33:44,0.33
2020-12-10 07:33:54,0.3
2020-12-10 07:34:04,0.33
2020-12-10 07:34:14,0.32
2020-12-10 07:34:24,0.35
2020-12-10 07:34:34,0.31
2020-12-10 07:34:44,0.31
2020-12-10 07:34:54,0.31
2020-12-10 07:35:04,0.32
2020-12-10 07:35:14,0.33
2020-12-10 07:35:24,0.33
2020-12-10 07:35:34,0.34
2020-12-10 07:35:44,0.32
2020-12-10 07:35:54,0.32
2020-12-10 07:36:04,0.34
2020-12-10 07:36:14,0.3
2020-12-10 07:36:24,0.3
2020-12-10 07:36:34,0.35
2020-12-10 07:36:44,0.32
2020-12-10 07:36:54,0.34
2020-12-10 07:37:04,0.32
2020-12-10 07:37:14,0.33
2020-12-10 07:37:24,0.35
2020-12-10 07:37:34,0.33
2020-12-10 07:37:44,0.33
2020-12-10 07:37:54,0.35
2020-12-10 07:38:04,0.35
2020-12-10 07:38:14,0.36
2020-12-10 07:38:24,0.34
2020-12-10 07:38:34,0.38
2020-12-10 07:38:44,0.33
2020-12-10 07:38:54,0.33
2020-12-10 07:39:04,0.33
2020-12-10 07:39:14,0.35
2020-12-10 07:39:24,0.32
2020-12-10 07:39:34,0.31
2020-12-10 07:39:44,0.33
2020-12-10 07:39:54,0.33
2020-12-10 07:40:04,0.31
2020-12-10 07:40:14,0.35
2020-12-10 07:40:24,0.32
2020-12-10 07:40:34,0.32
2020-12-10 07:40:44,0.33
2020-12-10 07:40:54,0.34
2020-12-10 07:41:04,0.32
2020-12-10 07:41:14,0.31
2020-12-10 07:41:24,0.31
2020-12-10 07:41:34,0.33
2020-12-10 07:41:44,0.33
2020-12-10 07:41:54,0.32
2020-12-10 07:42:04,0.32
2020-12-10 07:42:14,0.34
2020-12-10 07:42:24,0.33
2020-12-10 07:42:34,0.32
2020-12-10 07:42:44,0.32
2020-12-10 07:42:54,0.34
2020-12-10 07:43:04,0.32
2020-12-10 07:43:14,0.33
2020-12-10 07:43:24,0.32
2020-12-10 07:43:34,0.34
2020-12-10 07:43:44,0.33
2020-12-10 07:43:54,0.32
2020-12-10 07:44:04,0.31
2020-12-10 07:44:14,0.33
2020-12-10 07:44:24,0.31
2020-12-10 07:44:34,0.31
2020-12-10 07:44:44,0.31
2020-12-10 07:44:54,0.34
2020-12-10 07:45:04,0.32
2020-12-10 07:45:14,0.32
2020-12-10 07:45:24,0.32
2020-12-10 07:45:34,0.33
2020-12-10 07:45:44,0.32
2020-12-10 07:45:54,0.32
2020-12-10 07:46:04,0.32
2020-12-10 07:46:14,0.31
2020-12-10 07:46:24,0.32
2020-12-10 07:46:34,0.33
2020-12-10 07:46:44,0.32
2020-12-10 07:46:54,0.33
2020-12-10 07:47:04,0.32
2020-12-10 07:47:14,0.34
2020-12-10 07:47:24,0.35
2020-12-10 07:47:34,0.3
2020-12-10 07:47:44,0.32
2020-12-10 07:47:54,0.32
2020-12-10 07:48:04,0.33
2020-12-10 07:48:14,0.33
2020-12-10 07:48:24,0.31
2020-12-10 07:48:34,0.36
2020-12-10 07:48:44,0.31
2020-12-10 07:48:54,0.32
2020-12-10 07:49:04,0.33
2020-12-10 07:49:14,0.32
2020-12-10 07:49:24,0.32
2020-12-10 07:49:34,0.33
2020-12-10 07:49:44,0.34
2020-12-10 07:49:54,0.32
2020-12-10 07:50:04,0.35
2020-12-10 07:50:14,0.35
2020-12-10 07:50:24,0.35
2020-12-10 07:50:34,0.33
2020-12-10 07:50:44,0.34
2020-12-10 07:50:54,0.33
2020-12-10 07:51:04,0.32
2020-12-10 07:51:14,0.33
2020-12-10 07:51:24,0.34
2020-12-10 07:51:34,0.35
2020-12-10 07:51:44,0.32
2020-12-10 07:51:54,0.35
2020-12-10 07:52:04,0.36
2020-12-10 07:52:14,0.32
2020-12-10 07:52:24,0.32
2020-12-10 07:52:34,0.34
2020-12-10 07:52:44,0.33
2020-12-10 07:52:54,0.34
2020-12-10 07:53:04,0.33
2020-12-10 07:53:14,0.35
2020-12-10 07:53:24,0.33
2020-12-10 07:53:34,0.34
2020-12-10 07:53:44,0.32
2020-12-10 07:53:54,0.34
2020-12-10 07:54:04,0.34
2020-12-10 07:54:14,0.34
2020-12-10 07:54:24,0.35
2020-12-10 07:54:34,0.34
2020-12-10 07:54:44,0.31
2020-12-10 07:54:54,0.34
2020-12-10 07:55:04,0.36
2020-12-10 07:55:14,0.33
2020-12-10 07:55:24,0.35
2020-12-10 07:55:34,0.34
2020-12-10 07:55:44,0.32
2020-12-10 07:55:54,0.34
2020-12-10 07:56:04,0.32
2020-12-10 07:56:14,0.33
2020-12-10 07:56:24,0.33
2020-12-10 07:56:34,0.33
2020-12-10 07:56:44,0.32
2020-12-10 07:56:54,0.31
2020-12-10 07:57:04,0.3
2020-12-10 07:57:14,0.32
2020-12-10 07:57:24,0.32
2020-12-10 07:57:34,0.33
2020-12-10 07:57:44,0.32
2020-12-10 07:57:54,0.31
2020-12-10 07:58:04,0.31
2020-12-10 07:58:14,0.3
2020-12-10 07:58:24,0.29
2020-12-10 07:58:34,0.3
2020-12-10 07:58:44,0.32
2020-12-10 07:58:54,0.31
2020-12-10 07:59:04,0.3
2020-12-10 07:59:14,0.32
2020-12-10 07:59:24,0.32
2020-12-10 07:59:34,0.33
2020-12-10 07:59:44,0.32
2020-12-10 07:59:54,0.32
2020-12-10 08:00:04,0.32
2020-12-10 08:00:14,0.31
2020-12-10 08:00:24,0.32
2020-12-10 08:00:34,0.3
2020-12-10 08:00:44,0.31
2020-12-10 08:00:54,0.31
2020-12-10 08:01:04,0.31
2020-12-10 08:01:14,0.32
2020-12-10 08:01:24,0.31
2020-12-10 08:01:34,0.31
2020-12-10 08:01:44,0.32
2020-12-10 08:01:54,0.33
2020-12-10 08:02:04,0.31
2020-12-10 08:02:14,0.31
2020-12-10 08:02:24,0.33
2020-12-10 08:02:34,0.31
2020-12-10 08:02:44,0.3
2020-12-10 08:02:54,0.3
2020-12-10 08:03:04,0.32
2020-12-10 08:03:14,0.3
2020-12-10 08:03:24,0.31
2020-12-10 08:03:34,0.32
2020-12-10 08:03:44,0.31
2020-12-10 08:03:54,0.3
2020-12-10 08:04:04,0.31
2020-12-10 08:04:14,0.32
2020-12-10 08:04:24,0.33
2020-12-10 08:04:34,0.3
2020-12-10 08:04:44,0.32
2020-12-10 08:04:54,0.31
2020-12-10 08:05:04,0.32
2020-12-10 08:05:14,0.31
2020-12-10 08:05:24,0.31
2020-12-10 08:05:34,0.32
2020-12-10 08:05:44,0.32
2020-12-10 08:05:54,0.31
2020-12-10 08:06:04,0.32
2020-12-10 08:06:14,0.31
2020-12-10 08:06:24,0.3
2020-12-10 08:06:34,0.32
2020-12-10 08:06:44,0.31
2020-12-10 08:06:54,0.3
2020-12-10 08:07:04,0.32
2020-12-10 08:07:14,0.31
2020-12-10 08:07:24,0.31
2020-12-10 08:07:34,0.31
2020-12-10 08:07:44,0.33
2020-12-10 08:07:54,0.32
2020-12-10 08:08:04,0.31
2020-12-10 08:08:14,0.31
2020-12-10 08:08:24,0.31
2020-12-10 08:08:34,0.32
2020-12-10 08:08:44,0.31
2020-12-10 08:08:54,0.3
2020-12-10 08:09:04,0.31
2020-12-10 08:09:14,0.33
2020-12-10 08:09:24,0.33
2020-12-10 08:09:34,0.32
2020-12-10 08:09:44,0.31
2020-12-10 08:09:54,0.33
2020-12-10 08:10:04,0.32
2020-12-10 08:10:14,0.32
2020-12-10 08:10:24,0.33
2020-12-10 08:10:34,0.32
2020-12-10 08:10:44,0.29
2020-12-10 08:10:54,0.3
2020-12-10 08:11:04,0.31
2020-12-10 08:11:14,0.31
2020-12-10 08:11:24,0.33
2020-12-10 08:11:34,0.34
2020-12-10 08:11:44,0.32
2020-12-10 08:11:54,0.32
2020-12-10 08:12:04,0.29
2020-12-10 08:12:14,0.32
2020-12-10 08:12:24,0.31
2020-12-10 08:12:34,0.32
2020-12-10 08:12:44,0.31
2020-12-10 08:12:54,0.31
2020-12-10 08:13:04,0.32
2020-12-10 08:13:14,0.29
2020-12-10 08:13:24,0.32
2020-12-10 08:13:34,0.31
2020-12-10 08:13:44,0.31
2020-12-10 08:13:54,0.31
2020-12-10 08:14:04,0.32
2020-12-10 08:14:14,0.3
2020-12-10 08:14:24,0.31
2020-12-10 08:14:34,0.31
2020-12-10 08:14:44,0.32
2020-12-10 08:14:54,0.31
2020-12-10 08:15:04,0.3
2020-12-10 08:15:14,0.33
2020-12-10 08:15:24,0.3
2020-12-10 08:15:34,0.3
2020-12-10 08:15:44,0.31
2020-12-10 08:15:54,0.3
2020-12-10 08:16:04,0.31
2020-12-10 08:16:14,0.32
2020-12-10 08:16:24,0.31
2020-12-10 08:16:34,0.3
2020-12-10 08:16:44,0.31
2020-12-10 08:16:54,0.3
2020-12-10 08:17:04,0.33
2020-12-10 08:17:14,0.31
2020-12-10 08:17:24,0.32
2020-12-10 08:17:34,0.3
2020-12-10 08:17:44,0.34
2020-12-10 08:17:54,0.3
2020-12-10 08:18:04,0.3
2020-12-10 08:18:14,0.31
2020-12-10 08:18:24,0.32
2020-12-10 08:18:34,0.31
2020-12-10 08:18:44,0.32
2020-12-10 08:18:54,0.3
2020-12-10 08:19:04,0.31
2020-12-10 08:19:14,0.32
2020-12-10 08:19:24,0.31
2020-12-10 08:19:34,0.31
2020-12-10 08:19:44,0.31
2020-12-10 08:19:54,0.32